template_key,product_name,volume_ml,category,price,variant_count,template_id
7DZE - 7Daze (LIQ FB)(100mL) Fusion TFN|100.0,7DZE - 7Daze (LIQ FB)(100mL) Fusion TFN,100.0,All / Saleable / E-Juice,5.75,42,TPL_0000
7DZE - 7Daze (LIQ FB)(100mL) Reds/Keep It 100|100.0,7DZE - 7Daze (LIQ FB)(100mL) Reds/Keep It 100,100.0,All / Saleable / E-Juice,5.75,5,TPL_0001
7DZE - 7Daze (LIQ FB)(100mL) Reds|100.0,7DZE - 7Daze (LIQ FB)(100mL) Reds,100.0,All / Saleable / E-Juice,5.75,40,TPL_0002
7DZE - 7Daze (LIQ FB)(100mL) TF-Nic|100.0,7DZE - 7Daze (LIQ FB)(100mL) TF-Nic,100.0,All / Saleable / E-Juice,5.75,3,TPL_0003
7DZE - 7Daze (LIQ FB)(60mL) Reds|60.0,7DZE - 7Daze (LIQ FB)(60mL) Reds,60.0,All / Saleable / E-Juice,1.3166666666666667,3,TPL_0004
7DZE - 7Daze (LIQ FB)(60mL) Reds|nan,7DZE - 7Daze (LIQ FB)(60mL) Reds,,All / Saleable / E-Juice,1.5,2,TPL_0005
7DZE - 7Daze (LIQ FB)(60mL) TF-Nic|60.0,7DZE - 7Daze (LIQ FB)(60mL) TF-Nic,60.0,All / Saleable / E-Juice,0.95,1,TPL_0006
7DZE - 7Daze (LIQ Salt)(30mL) Fusion TFN|30.0,7DZE - 7Daze (LIQ Salt)(30mL) Fusion TFN,30.0,All / Saleable / E-Juice,4.75,26,TPL_0007
7DZE - 7Daze (LIQ Salt)(30mL) LIQmate|30.0,7DZE - 7Daze (LIQ Salt)(30mL) LIQmate,30.0,All / Saleable / E-Juice,4.4,19,TPL_0008
7DZE - 7Daze (LIQ Salt)(30mL) Reds/Keep It 100|30.0,7DZE - 7Daze (LIQ Salt)(30mL) Reds/Keep It 100,30.0,All / Saleable / E-Juice,4.75,6,TPL_0009
7DZE - 7Daze (LIQ Salt)(30mL) Reds|30.0,7DZE - 7Daze (LIQ Salt)(30mL) Reds,30.0,All / Saleable / E-Juice,4.668181818181818,22,TPL_0010
7DZE - 7Daze (LIQ Salt)(30mL) TF-Nic|30.0,7DZE - 7Daze (LIQ Salt)(30mL) TF-Nic,30.0,All / Saleable / E-Juice,4.75,2,TPL_0011
7DZE - 7Daze Click-Mates Pods (Liq Pod)(20mg 18mL; 9mL x2) (2-Pack)|nan,7DZE - 7Daze Click-Mates Pods (Liq Pod)(20mg 18mL; 9mL x2) (2-Pack),,All / Saleable / E-Juice,4.5,10,TPL_0012
7DZE - 7Daze Click-Mates Pods (Liq Pod)(50mg 18mL; 9mL x2) (2-Pack)|nan,7DZE - 7Daze Click-Mates Pods (Liq Pod)(50mg 18mL; 9mL x2) (2-Pack),,All / Saleable / E-Juice,4.5,11,TPL_0013
7DZE - 7Daze Clickmate 2% Starter Kit (Dispo) (15000Puff)(18mL)|18.0,7DZE - 7Daze Clickmate 2% Starter Kit (Dispo) (15000Puff)(18mL),18.0,All / Saleable / Kit,6.95,16,TPL_0014
7DZE - 7Daze Clickmate 5% Starter Kit (Dispo) (15000Puff)(18mL)|18.0,7DZE - 7Daze Clickmate 5% Starter Kit (Dispo) (15000Puff)(18mL),18.0,All / Saleable / Kit,7.377777777777778,9,TPL_0015
7DZE - 7Daze Clickmate Colors (Device Only)|nan,7DZE - 7Daze Clickmate Colors (Device Only),,All / Saleable / Disposable E-Cig,4.5,1,TPL_0016
7DZE - 7Daze Clickmate Refillable MATES (2-Pack)|nan,7DZE - 7Daze Clickmate Refillable MATES (2-Pack),,All / Saleable / Kit,5.5,1,TPL_0017
7DZE - 7Daze Clickmate Refillable MAX Starter Kit|nan,7DZE - 7Daze Clickmate Refillable MAX Starter Kit,,All / Saleable / Kit,9.35,1,TPL_0018
7DZE - 7Daze Clickmates 2% Prefilled Mates MAX (2-Pack)|nan,7DZE - 7Daze Clickmates 2% Prefilled Mates MAX (2-Pack),,All / Saleable / Disposable E-Cig,5.25,5,TPL_0019
7DZE - 7Daze Clickmates 5% Prefilled Mates MAX (2-Pack)|nan,7DZE - 7Daze Clickmates 5% Prefilled Mates MAX (2-Pack),,All / Saleable / Disposable E-Cig,5.25,23,TPL_0020
7DZE - 7Daze Egge (Dispo) (3000Puff)(7mL)|7.0,7DZE - 7Daze Egge (Dispo) (3000Puff)(7mL),7.0,All / Saleable / Disposable E-Cig,1.95,12,TPL_0021
7DZE - PouchMates (DSPLY 5pc)(Nic Pouch)(20ct Can)(SAS)|nan,7DZE - PouchMates (DSPLY 5pc)(Nic Pouch)(20ct Can)(SAS),,All / Saleable / ShopWill,10.0,1,TPL_0022
AIRO - Elf Bar Airo Max (Dispo) (5000Puff)(13mL)|13.0,AIRO - Elf Bar Airo Max (Dispo) (5000Puff)(13mL),13.0,All / Saleable / Disposable E-Cig,0.5,1,TPL_0023
ALTZ - Alt Zero (LIQ FB)(100mL)|100.0,ALTZ - Alt Zero (LIQ FB)(100mL),100.0,All / Saleable / E-Juice,7.75,8,TPL_0024
ALTZ - Alt Zero (LIQ Salt)(30mL) Excision|30.0,ALTZ - Alt Zero (LIQ Salt)(30mL) Excision,30.0,All / Saleable / E-Juice,7.25,4,TPL_0025
ALTZ - Alt Zero (LIQ Salt)(30mL) TFN|30.0,ALTZ - Alt Zero (LIQ Salt)(30mL) TFN,30.0,All / Saleable / E-Juice,7.25,3,TPL_0026
ALTZ - Excision (LIQ FB)(60mL)|60.0,ALTZ - Excision (LIQ FB)(60mL),60.0,All / Saleable / E-Juice,7.25,11,TPL_0027
AMVH - One Hit Wonder (LIQ FB)(100mL) TF-Nic|100.0,AMVH - One Hit Wonder (LIQ FB)(100mL) TF-Nic,100.0,All / Saleable / E-Juice,6.5,16,TPL_0028
AMVH - One Hit Wonder (LIQ Salt)(30mL) TF-Nic|30.0,AMVH - One Hit Wonder (LIQ Salt)(30mL) TF-Nic,30.0,All / Saleable / E-Juice,6.0,1,TPL_0029
ARFY - Air Factory (LIQ FB)(60mL)|60.0,ARFY - Air Factory (LIQ FB)(60mL),60.0,All / Saleable / E-Juice,5.182857142857143,14,TPL_0030
ARFY - Air Factory (LIQ Salt)(30mL)|30.0,ARFY - Air Factory (LIQ Salt)(30mL),30.0,All / Saleable / E-Juice,5.472222222222222,18,TPL_0031
AXIO - Thursday (Dispo) (30000Puff)(22mL)|22.0,AXIO - Thursday (Dispo) (30000Puff)(22mL),22.0,All / Saleable / Disposable E-Cig,7.5,1,TPL_0032
AXIO - Yogi (LIQ FB)(60mL)|60.0,AXIO - Yogi (LIQ FB)(60mL),60.0,All / Saleable / E-Juice,5.75,22,TPL_0033
AXIO - Yogi (LIQ Salt)(30mL)|30.0,AXIO - Yogi (LIQ Salt)(30mL),30.0,All / Saleable / E-Juice,5.75,13,TPL_0034
BDLB - Bad Drip (LIQ FB)(60mL)|60.0,BDLB - Bad Drip (LIQ FB)(60mL),60.0,All / Saleable / E-Juice,5.5,3,TPL_0035
BDVC - Beard (LIQ FB)(100mL) The One|100.0,BDVC - Beard (LIQ FB)(100mL) The One,100.0,All / Saleable / E-Juice,5.5,3,TPL_0036
BDVC - Beard (LIQ FB)(120mL)|120.0,BDVC - Beard (LIQ FB)(120mL),120.0,All / Saleable / E-Juice,3.9292857142857143,14,TPL_0037
BDVC - Beard (LIQ FB)(60mL)|60.0,BDVC - Beard (LIQ FB)(60mL),60.0,All / Saleable / E-Juice,4.5,9,TPL_0038
BDVC - Beard (LIQ Salt)(30mL) The Salty One|30.0,BDVC - Beard (LIQ Salt)(30mL) The Salty One,30.0,All / Saleable / E-Juice,5.0,4,TPL_0039
BDVC - Beard (LIQ Salt)(30mL)|30.0,BDVC - Beard (LIQ Salt)(30mL),30.0,All / Saleable / E-Juice,5.0,9,TPL_0040
BDVC - Fifty Bar 20K (Dispo) (20000Puff)(18mL) Hidden Hills Edt|18.0,BDVC - Fifty Bar 20K (Dispo) (20000Puff)(18mL) Hidden Hills Edt,18.0,All / Saleable / Disposable E-Cig,11.0,1,TPL_0041
BDVC - Fifty Bar V2 (Dispo) (20000Puff)(18mL) White Series|18.0,BDVC - Fifty Bar V2 (Dispo) (20000Puff)(18mL) White Series,18.0,All / Saleable / Disposable E-Cig,11.0,2,TPL_0042
BLIS - Bliss Bar (Dispo) (6000Puff)(14mL)|14.0,BLIS - Bliss Bar (Dispo) (6000Puff)(14mL),14.0,All / Saleable / Disposable E-Cig,3.25,17,TPL_0043
BLKO - Loud (LIQ FB)(100mL) TFN|nan,BLKO - Loud (LIQ FB)(100mL) TFN,,All / Saleable / E-Juice,4.5,4,TPL_0044
BLKO - Loud (LIQ FB)(100mL)TFN|nan,BLKO - Loud (LIQ FB)(100mL)TFN,,All / Saleable / E-Juice,4.5,1,TPL_0045
"BLLD - Lucid Boost (Dispo) (20,123Puff)(18mL)|18.0","BLLD - Lucid Boost (Dispo) (20,123Puff)(18mL)",18.0,All / Saleable / Disposable E-Cig,6.15,4,TPL_0046
"BLLD - Lucid Boost/Yogi (Dispo) (20,123Puff)(18mL)|18.0","BLLD - Lucid Boost/Yogi (Dispo) (20,123Puff)(18mL)",18.0,All / Saleable / Disposable E-Cig,7.0,3,TPL_0047
BLVK - BLVK (LIQ FB)(100mL) TF-Nic|100.0,BLVK - BLVK (LIQ FB)(100mL) TF-Nic,100.0,All / Saleable / E-Juice,6.0,6,TPL_0048
BLVK - BLVK (LIQ FB)(100mL) ZERO|100.0,BLVK - BLVK (LIQ FB)(100mL) ZERO,100.0,All / Saleable / E-Juice,5.0,1,TPL_0049
BLVK - BLVK (LIQ FB)(60mL)|60.0,BLVK - BLVK (LIQ FB)(60mL),60.0,All / Saleable / E-Juice,5.0,23,TPL_0050
BLVK - BLVK (LIQ SALT)(30mL) ZERO|30.0,BLVK - BLVK (LIQ SALT)(30mL) ZERO,30.0,All / Saleable / E-Juice,5.0,1,TPL_0051
BLVK - BLVK (LIQ Salt)(30mL) Aloe TF-Nic|30.0,BLVK - BLVK (LIQ Salt)(30mL) Aloe TF-Nic,30.0,All / Saleable / E-Juice,5.0,6,TPL_0052
BLVK - BLVK (LIQ Salt)(30mL) Frost|30.0,BLVK - BLVK (LIQ Salt)(30mL) Frost,30.0,All / Saleable / E-Juice,5.0,2,TPL_0053
BLVK - BLVK (LIQ Salt)(30mL) Fuji|30.0,BLVK - BLVK (LIQ Salt)(30mL) Fuji,30.0,All / Saleable / E-Juice,5.0,1,TPL_0054
BLVK - BLVK (LIQ Salt)(30mL) Fusion|30.0,BLVK - BLVK (LIQ Salt)(30mL) Fusion,30.0,All / Saleable / E-Juice,4.18,5,TPL_0055
BLVK - BLVK (LIQ Salt)(30mL) Melon (Fruit Iced)|30.0,BLVK - BLVK (LIQ Salt)(30mL) Melon (Fruit Iced),30.0,All / Saleable / E-Juice,5.0,1,TPL_0056
BLVK - BLVK (LIQ Salt)(30mL) N' Yellow|30.0,BLVK - BLVK (LIQ Salt)(30mL) N' Yellow,30.0,All / Saleable / E-Juice,4.4875,4,TPL_0057
BLVK - BLVK (LIQ Salt)(30mL) Pink|30.0,BLVK - BLVK (LIQ Salt)(30mL) Pink,30.0,All / Saleable / E-Juice,5.0,4,TPL_0058
BLVK - BLVK (LIQ Salt)(30mL) Plus|30.0,BLVK - BLVK (LIQ Salt)(30mL) Plus,30.0,All / Saleable / E-Juice,5.0,4,TPL_0059
BLVK - BLVK (LIQ Salt)(30mL)|30.0,BLVK - BLVK (LIQ Salt)(30mL),30.0,All / Saleable / E-Juice,5.0,6,TPL_0060
BLVK - BLVK Bar (Dispo) (20000Puff)(22mL)|22.0,BLVK - BLVK Bar (Dispo) (20000Puff)(22mL),22.0,All / Saleable / Disposable E-Cig,7.25,1,TPL_0061
CACQ - Foger Switch Pro 30K Pod (19mL)(1-Pack)|19.0,CACQ - Foger Switch Pro 30K Pod (19mL)(1-Pack),19.0,All / Saleable / Replacement Pod,9.0,2,TPL_0062
CACQ - Foger Switch Pro Starter Kit (Dispo) (30000Puff)(19mL)|19.0,CACQ - Foger Switch Pro Starter Kit (Dispo) (30000Puff)(19mL),19.0,All / Saleable / Kit,11.5,1,TPL_0063
CHNV - Chain Vapez (LIQ FB)(120mL; 60mL x2)|nan,CHNV - Chain Vapez (LIQ FB)(120mL; 60mL x2),,All / Saleable / E-Juice,2.95,1,TPL_0064
CHRL - Pachamama (Dispo) (4500Puff)(12mL) TFN|12.0,CHRL - Pachamama (Dispo) (4500Puff)(12mL) TFN,12.0,All / Saleable / Disposable E-Cig,1.95,2,TPL_0065
CHRL - Pachamama (LIQ FB)(60mL)|60.0,CHRL - Pachamama (LIQ FB)(60mL),60.0,All / Saleable / E-Juice,4.978947368421053,19,TPL_0066
CHRL - Pachamama (LIQ Salt)(30mL)|30.0,CHRL - Pachamama (LIQ Salt)(30mL),30.0,All / Saleable / E-Juice,4.9984375,32,TPL_0067
CHRL - Pachamama Plus Metatine (LIQ Salt)(30mL)|30.0,CHRL - Pachamama Plus Metatine (LIQ Salt)(30mL),30.0,All / Saleable / E-Juice,4.983333333333333,3,TPL_0068
CSTL - Coastal Clouds (LIQ FB)(100mL)|100.0,CSTL - Coastal Clouds (LIQ FB)(100mL),100.0,All / Saleable / E-Juice,6.25,5,TPL_0069
CSTL - Coastal Clouds (LIQ FB)(60mL) TFN|60.0,CSTL - Coastal Clouds (LIQ FB)(60mL) TFN,60.0,All / Saleable / E-Juice,4.5,15,TPL_0070
CSTL - Coastal Clouds (LIQ FB)(60mL)|60.0,CSTL - Coastal Clouds (LIQ FB)(60mL),60.0,All / Saleable / E-Juice,4.5,37,TPL_0071
CSTL - Coastal Clouds (LIQ Salt)(30mL) TFN|30.0,CSTL - Coastal Clouds (LIQ Salt)(30mL) TFN,30.0,All / Saleable / E-Juice,4.5,7,TPL_0072
CSTL - Coastal Clouds (LIQ Salt)(30mL)|30.0,CSTL - Coastal Clouds (LIQ Salt)(30mL),30.0,All / Saleable / E-Juice,4.5,22,TPL_0073
CTPT - Goat Bar (Dispo) (25000Puff)(18mL)|18.0,CTPT - Goat Bar (Dispo) (25000Puff)(18mL),18.0,All / Saleable / Disposable E-Cig,7.25,1,TPL_0074
CTTG - ORGNX (LIQ FB)(60mL)|60.0,CTTG - ORGNX (LIQ FB)(60mL),60.0,All / Saleable / E-Juice,4.997727272727273,22,TPL_0075
CTTG - ORGNX (LIQ Salt)(30mL)|30.0,CTTG - ORGNX (LIQ Salt)(30mL),30.0,All / Saleable / E-Juice,5.0,4,TPL_0076
CTWD - Cuttwood (LIQ FB)(120mL)|120.0,CTWD - Cuttwood (LIQ FB)(120mL),120.0,All / Saleable / E-Juice,8.75,1,TPL_0077
CTWD - Cuttwood (LIQ FB)(60mL)|60.0,CTWD - Cuttwood (LIQ FB)(60mL),60.0,All / Saleable / E-Juice,5.25,4,TPL_0078
CTWD - Cuttwood (LIQ Salt)(30mL)|30.0,CTWD - Cuttwood (LIQ Salt)(30mL),30.0,All / Saleable / E-Juice,5.25,1,TPL_0079
DDYS - Badger Hill Reserve (LIQ FB)(120mL; 60mL x2)|nan,DDYS - Badger Hill Reserve (LIQ FB)(120mL; 60mL x2),,All / Saleable / E-Juice,8.75,9,TPL_0080
DDYS - Badger Hill Reserve (LIQ Salt)(30mL)|30.0,DDYS - Badger Hill Reserve (LIQ Salt)(30mL),30.0,All / Saleable / E-Juice,5.5,6,TPL_0081
DDYS - Cloud Nurdz (Dispo) (3500Puff) 2.5% (10mL)|10.0,DDYS - Cloud Nurdz (Dispo) (3500Puff) 2.5% (10mL),10.0,All / Saleable / Disposable E-Cig,0.5,1,TPL_0082
DDYS - Cloud Nurdz (Dispo) (3500Puff) 5% (10mL)|10.0,DDYS - Cloud Nurdz (Dispo) (3500Puff) 5% (10mL),10.0,All / Saleable / Disposable E-Cig,0.5,13,TPL_0083
DDYS - Cloud Nurdz (Dispo) (4500Puff) 0% (12mL)|12.0,DDYS - Cloud Nurdz (Dispo) (4500Puff) 0% (12mL),12.0,All / Saleable / Disposable E-Cig,1.95,5,TPL_0084
DDYS - Cloud Nurdz (Dispo) (4500Puff) 5% (12mL)|12.0,DDYS - Cloud Nurdz (Dispo) (4500Puff) 5% (12mL),12.0,All / Saleable / Disposable E-Cig,0.95,15,TPL_0085
DDYS - Cloud Nurdz (LIQ FB)(100mL) TF-Nic|100.0,DDYS - Cloud Nurdz (LIQ FB)(100mL) TF-Nic,100.0,All / Saleable / E-Juice,6.0,78,TPL_0086
DDYS - Cloud Nurdz (LIQ Salt)(30mL) TF-Nic|30.0,DDYS - Cloud Nurdz (LIQ Salt)(30mL) TF-Nic,30.0,All / Saleable / E-Juice,6.0,52,TPL_0087
DDYS - FRYD (LIQ FB)(120mL; 60mL x2)|nan,DDYS - FRYD (LIQ FB)(120mL; 60mL x2),,All / Saleable / E-Juice,6.8125,8,TPL_0088
DDYS - French Dude (LIQ FB)(100mL)|100.0,DDYS - French Dude (LIQ FB)(100mL),100.0,All / Saleable / E-Juice,6.0,6,TPL_0089
DDYS - French Dude (LIQ Salt)(30mL)|30.0,DDYS - French Dude (LIQ Salt)(30mL),30.0,All / Saleable / E-Juice,4.6499999999999995,3,TPL_0090
DDYS - Fumi (Dispo) (24000Puff)(18mL)|18.0,DDYS - Fumi (Dispo) (24000Puff)(18mL),18.0,All / Saleable / Disposable E-Cig,6.6,2,TPL_0091
DDYS - I Love Salts (LIQ Salt)(30mL)|30.0,DDYS - I Love Salts (LIQ Salt)(30mL),30.0,All / Saleable / E-Juice,4.996666666666667,30,TPL_0092
DDYS - Lost Art (LIQ FB)(100mL) TFN|100.0,DDYS - Lost Art (LIQ FB)(100mL) TFN,100.0,All / Saleable / E-Juice,2.95,1,TPL_0093
DDYS - MRKT PLCE (LIQ FB)(100mL)|100.0,DDYS - MRKT PLCE (LIQ FB)(100mL),100.0,All / Saleable / E-Juice,6.454545454545454,22,TPL_0094
DDYS - MRKT PLCE (LIQ Salt)(30mL)|30.0,DDYS - MRKT PLCE (LIQ Salt)(30mL),30.0,All / Saleable / E-Juice,5.954545454545454,11,TPL_0095
DDYS - Mad Hatter (LIQ FB)(60mL)|60.0,DDYS - Mad Hatter (LIQ FB)(60mL),60.0,All / Saleable / E-Juice,2.45,4,TPL_0096
DDYS - Mega (LIQ FB)(120mL; 60mL x2)|nan,DDYS - Mega (LIQ FB)(120mL; 60mL x2),,All / Saleable / E-Juice,8.75,11,TPL_0097
DDYS - Mega (LIQ Salt)(30mL)|30.0,DDYS - Mega (LIQ Salt)(30mL),30.0,All / Saleable / E-Juice,5.5,4,TPL_0098
DDYS - Mints (Dispo) (3500Puff)(8mL)|8.0,DDYS - Mints (Dispo) (3500Puff)(8mL),8.0,All / Saleable / Disposable E-Cig,0.5,3,TPL_0099
DDYS - Mints (LIQ FB)(120mL; 60mL x2)|nan,DDYS - Mints (LIQ FB)(120mL; 60mL x2),,All / Saleable / E-Juice,8.75,15,TPL_0100
DDYS - Mints (LIQ Salt)(30mL)|30.0,DDYS - Mints (LIQ Salt)(30mL),30.0,All / Saleable / E-Juice,5.5,15,TPL_0101
DDYS - No Hype (LIQ FB)(100mL)|100.0,DDYS - No Hype (LIQ FB)(100mL),100.0,All / Saleable / E-Juice,5.5,3,TPL_0102
DDYS - No Hype (LIQ FB)(100mL)|nan,DDYS - No Hype (LIQ FB)(100mL),,All / Saleable / E-Juice,5.5,2,TPL_0103
DDYS - No Hype (LIQ Salt)(30mL)|30.0,DDYS - No Hype (LIQ Salt)(30mL),30.0,All / Saleable / E-Juice,5.5,2,TPL_0104
DDYS - No Hype (LIQ Salt)(30mL)|nan,DDYS - No Hype (LIQ Salt)(30mL),,All / Saleable / E-Juice,5.5,2,TPL_0105
DDYS - Pancake Man (LIQ FB)(100mL)|100.0,DDYS - Pancake Man (LIQ FB)(100mL),100.0,All / Saleable / E-Juice,6.07,5,TPL_0106
DDYS - Pancake Man (LIQ Salt)(30mL)|30.0,DDYS - Pancake Man (LIQ Salt)(30mL),30.0,All / Saleable / E-Juice,5.5,1,TPL_0107
DDYS - Pop Salts (LIQ Salt)(30mL)|30.0,DDYS - Pop Salts (LIQ Salt)(30mL),30.0,All / Saleable / E-Juice,4.25,1,TPL_0108
DDYS - Pyro Boost (Dispo) (25000Puff)(20mL)|20.0,DDYS - Pyro Boost (Dispo) (25000Puff)(20mL),20.0,All / Saleable / Disposable E-Cig,7.5,6,TPL_0109
DDYS - Pyro Duo (Dispo) (30000Puff)(24mL)|24.0,DDYS - Pyro Duo (Dispo) (30000Puff)(24mL),24.0,All / Saleable / Disposable E-Cig,8.0,2,TPL_0110
DDYS - Sadboy (LIQ FB)(100mL)|100.0,DDYS - Sadboy (LIQ FB)(100mL),100.0,All / Saleable / E-Juice,6.0,18,TPL_0111
DDYS - Sadboy (LIQ Salt)(30mL)|30.0,DDYS - Sadboy (LIQ Salt)(30mL),30.0,All / Saleable / E-Juice,6.0,38,TPL_0112
DDYS - Twist (LIQ FB)(120mL; 60mL x2)|nan,DDYS - Twist (LIQ FB)(120mL; 60mL x2),,All / Saleable / E-Juice,10.5,28,TPL_0113
DDYS - Twist (LIQ Salt)(60mL; 30mL x2)|nan,DDYS - Twist (LIQ Salt)(60mL; 30mL x2),,All / Saleable / E-Juice,10.5,27,TPL_0114
DDYS - Uwell (Collab Bundle) V6 (Kit PS) + Mints (LIQ Salt)(30mL) - Color: Cyan|30.0,DDYS - Uwell (Collab Bundle) V6 (Kit PS) + Mints (LIQ Salt)(30mL) - Color: Cyan,30.0,All / Saleable / E-Juice,6.95,1,TPL_0115
DDYS - Uwell (Collab Bundle) V6 (Kit PS) + Twist (LIQ Salt)(30mL) - Color: Yellow|30.0,DDYS - Uwell (Collab Bundle) V6 (Kit PS) + Twist (LIQ Salt)(30mL) - Color: Yellow,30.0,All / Saleable / E-Juice,6.95,1,TPL_0116
DDYS - Verdict (LIQ FB)(120mL; 60mL x2)|nan,DDYS - Verdict (LIQ FB)(120mL; 60mL x2),,All / Saleable / E-Juice,8.75,4,TPL_0117
DDYS - Verdict (LIQ Salt)(30mL)|30.0,DDYS - Verdict (LIQ Salt)(30mL),30.0,All / Saleable / E-Juice,2.95,1,TPL_0118
DDYS - Zen Haus (LIQ FB)(120mL; 60mL x2)|nan,DDYS - Zen Haus (LIQ FB)(120mL; 60mL x2),,All / Saleable / E-Juice,8.75,9,TPL_0119
DDYS - Zen Haus (LIQ Salt)(30mL)|30.0,DDYS - Zen Haus (LIQ Salt)(30mL),30.0,All / Saleable / E-Juice,5.5,7,TPL_0120
DMVW - Geek Bar Digi Flavor BRK (Battery Only) (1000mAh)|nan,DMVW - Geek Bar Digi Flavor BRK (Battery Only) (1000mAh),,All / Saleable / Battery,6.33,1,TPL_0121
DMVW - Geek Bar Pulse (Dispo) (15000Puff)(16mL)|16.0,DMVW - Geek Bar Pulse (Dispo) (15000Puff)(16mL),16.0,All / Saleable / Disposable E-Cig,10.0,2,TPL_0122
DMVW - Hyde Edge Rave (Dispo) (4000Puff)(10mL)|10.0,DMVW - Hyde Edge Rave (Dispo) (4000Puff)(10mL),10.0,All / Saleable / Disposable E-Cig,0.95,1,TPL_0123
DMVW - Hyde Edge Recharge (Dispo) (3300Puff)(10mL)|10.0,DMVW - Hyde Edge Recharge (Dispo) (3300Puff)(10mL),10.0,All / Saleable / Disposable E-Cig,0.95,2,TPL_0124
DMVW - Hyde Mag (Dispo) (4500Puff)(10mL)|10.0,DMVW - Hyde Mag (Dispo) (4500Puff)(10mL),10.0,All / Saleable / Disposable E-Cig,0.95,1,TPL_0125
DMVW - RAZ LTX25000 (Dispo) (25000Puff)(16mL)|16.0,DMVW - RAZ LTX25000 (Dispo) (25000Puff)(16mL),16.0,All / Saleable / Disposable E-Cig,11.0,1,TPL_0126
DMVW - RAZ LTX25000 Zero (Dispo) (25000Puff)(16mL)|16.0,DMVW - RAZ LTX25000 Zero (Dispo) (25000Puff)(16mL),16.0,All / Saleable / Disposable E-Cig,9.5,5,TPL_0127
DMVW - RYL (Dispo)(35000Puff)(16.5mL) Spring Collection|nan,DMVW - RYL (Dispo)(35000Puff)(16.5mL) Spring Collection,,All / Saleable / Disposable E-Cig,11.0,2,TPL_0128
DMVW - RYL Classic (Dispo) (35000Puff)(16.5mL)|nan,DMVW - RYL Classic (Dispo) (35000Puff)(16.5mL),,All / Saleable / Disposable E-Cig,11.0,1,TPL_0129
DMVW - Viho Super Charge Pro (Dispo) (20000Puff)(21mL)|21.0,DMVW - Viho Super Charge Pro (Dispo) (20000Puff)(21mL),21.0,All / Saleable / Disposable E-Cig,9.0,1,TPL_0130
DMVW - Viho Turbo (Dispo) (10000Puff)(17mL) Chrome Edt.|17.0,DMVW - Viho Turbo (Dispo) (10000Puff)(17mL) Chrome Edt.,17.0,All / Saleable / Disposable E-Cig,4.95,1,TPL_0131
DMVW - Viho Turbo (Dispo) (10000Puff)(17mL) Galaxy Edt.|17.0,DMVW - Viho Turbo (Dispo) (10000Puff)(17mL) Galaxy Edt.,17.0,All / Saleable / Disposable E-Cig,4.95,1,TPL_0132
DMVW - Viho Turbo (Dispo) (10000Puff)(17mL) Satin Edt.|17.0,DMVW - Viho Turbo (Dispo) (10000Puff)(17mL) Satin Edt.,17.0,All / Saleable / Disposable E-Cig,4.95,3,TPL_0133
DMVW - Viho Turbo (Dispo) (10000Puff)(17mL)|17.0,DMVW - Viho Turbo (Dispo) (10000Puff)(17mL),17.0,All / Saleable / Disposable E-Cig,4.95,1,TPL_0134
DOTM - Dotmod DotPod Plus (Pods)(2-Pack) 3mL|nan,DOTM - Dotmod DotPod Plus (Pods)(2-Pack) 3mL,,All / Saleable / Replacement Pod,3.3,2,TPL_0135
DOTM - Dotmod Dotstick (Coils)(5-Pack)|nan,DOTM - Dotmod Dotstick (Coils)(5-Pack),,All / Saleable / Coil,4.95,1,TPL_0136
DRLY - Dinner Lady (LIQ FB)(100mL) TF-Nic|100.0,DRLY - Dinner Lady (LIQ FB)(100mL) TF-Nic,100.0,All / Saleable / E-Juice,6.25,12,TPL_0137
DRLY - Dinner Lady (LIQ Salt)(30mL) TF-Nic|30.0,DRLY - Dinner Lady (LIQ Salt)(30mL) TF-Nic,30.0,All / Saleable / E-Juice,6.25,7,TPL_0138
DRLY - Fuyl (LIQ FB)(100mL)|100.0,DRLY - Fuyl (LIQ FB)(100mL),100.0,All / Saleable / E-Juice,4.95,10,TPL_0139
DRLY - Fuyl (LIQ Salt)(30mL)|30.0,DRLY - Fuyl (LIQ Salt)(30mL),30.0,All / Saleable / E-Juice,4.95,4,TPL_0140
DRPM - Candy King (LIQ FB)(100mL) Cookie King|100.0,DRPM - Candy King (LIQ FB)(100mL) Cookie King,100.0,All / Saleable / E-Juice,6.0,7,TPL_0141
DRPM - Candy King (LIQ FB)(100mL)|100.0,DRPM - Candy King (LIQ FB)(100mL),100.0,All / Saleable / E-Juice,6.0,1,TPL_0142
DRPM - Candy King (LIQ Salt)(30mL)|30.0,DRPM - Candy King (LIQ Salt)(30mL),30.0,All / Saleable / E-Juice,4.933333333333334,9,TPL_0143
DTRW - Death Row Vapes (Dispo) (5000Puff)(10.5mL)|nan,DTRW - Death Row Vapes (Dispo) (5000Puff)(10.5mL),,All / Saleable / Disposable E-Cig,1.95,1,TPL_0144
DVDT - All Star Vape Disposable (30000Puff)(19mL)|19.0,DVDT - All Star Vape Disposable (30000Puff)(19mL),19.0,All / Saleable / Disposable E-Cig,4.95,8,TPL_0145
DVPO - Dovpo TMD Mesh (Coils)(5-Pack)|nan,DVPO - Dovpo TMD Mesh (Coils)(5-Pack),,All / Saleable / Coil,3.95,1,TPL_0146
EFST - Efest (Charger) Lush Box Battery|nan,EFST - Efest (Charger) Lush Box Battery,,All / Saleable / Battery,8.23,1,TPL_0147
EJDP - Food Fighter (LIQ FB)(120mL)|120.0,EJDP - Food Fighter (LIQ FB)(120mL),120.0,All / Saleable / E-Juice,5.75,9,TPL_0148
EJDP - Nitro Cold Brew (LIQ FB)(100mL) Coffee|100.0,EJDP - Nitro Cold Brew (LIQ FB)(100mL) Coffee,100.0,All / Saleable / E-Juice,5.744285714285715,14,TPL_0149
EJDP - Nitro Cold Brew (LIQ FB)(100mL) Shakes|100.0,EJDP - Nitro Cold Brew (LIQ FB)(100mL) Shakes,100.0,All / Saleable / E-Juice,5.742,5,TPL_0150
EJDP - Nitro Cold Brew (LIQ Salt)(30mL)|30.0,EJDP - Nitro Cold Brew (LIQ Salt)(30mL),30.0,All / Saleable / E-Juice,5.75,8,TPL_0151
EJEP - Killa Fruits (LIQ FB)(100mL) Signature TFN|100.0,EJEP - Killa Fruits (LIQ FB)(100mL) Signature TFN,100.0,All / Saleable / E-Juice,5.75,1,TPL_0152
EJEP - Killa Fruits (LIQ Salt)(30mL)|30.0,EJEP - Killa Fruits (LIQ Salt)(30mL),30.0,All / Saleable / E-Juice,5.75,1,TPL_0153
EJEP - Ryse (Dispo) (12000Puff)(18mL)|18.0,EJEP - Ryse (Dispo) (12000Puff)(18mL),18.0,All / Saleable / Disposable E-Cig,3.9500000000000006,9,TPL_0154
ENVI - Bodega Bar (Dispo) (8000Puff)(17mL)|17.0,ENVI - Bodega Bar (Dispo) (8000Puff)(17mL),17.0,All / Saleable / Disposable E-Cig,1.95,10,TPL_0155
ESTL - Nic Fill (Conc. 70mL) Nicotine Concentrate|nan,ESTL - Nic Fill (Conc. 70mL) Nicotine Concentrate,,All / Saleable / E-Juice,2.0,2,TPL_0156
EXTC - EVO Bar ET/BC5000 (Dispo) (5000Puff)(13mL) Slushie Edt.|13.0,EXTC - EVO Bar ET/BC5000 (Dispo) (5000Puff)(13mL) Slushie Edt.,13.0,All / Saleable / Disposable E-Cig,1.95,1,TPL_0157
FLUM - Flum Float (Dispo) (3000Puff)(8mL)|8.0,FLUM - Flum Float (Dispo) (3000Puff)(8mL),8.0,All / Saleable / Disposable E-Cig,2.95,1,TPL_0158
FLUM - Flum Pebble (Dispo) (6000Puff)(14mL)|14.0,FLUM - Flum Pebble (Dispo) (6000Puff)(14mL),14.0,All / Saleable / Disposable E-Cig,7.916666666666667,3,TPL_0159
FLVR - Esco Bars/Kilo Mesh Max (Dispo) (4000Puff)(9mL)|9.0,FLVR - Esco Bars/Kilo Mesh Max (Dispo) (4000Puff)(9mL),9.0,All / Saleable / Disposable E-Cig,0.75,2,TPL_0160
FLVR - Frusion Juice (LIQ Salt)(30mL)|30.0,FLVR - Frusion Juice (LIQ Salt)(30mL),30.0,All / Saleable / E-Juice,3.95,1,TPL_0161
FLVR - Kilo (LIQ FB)(100mL) Moo|100.0,FLVR - Kilo (LIQ FB)(100mL) Moo,100.0,All / Saleable / E-Juice,5.5,3,TPL_0162
FLVR - Kilo (LIQ FB)(100mL) Revival|100.0,FLVR - Kilo (LIQ FB)(100mL) Revival,100.0,All / Saleable / E-Juice,5.5,2,TPL_0163
FLVR - Kilo OMG WTF (LIQ FB)(100mL) TFN|100.0,FLVR - Kilo OMG WTF (LIQ FB)(100mL) TFN,100.0,All / Saleable / E-Juice,6.0,3,TPL_0164
FLVR - Kilo OMG WTF (LIQ Salt)(30mL) TFN|30.0,FLVR - Kilo OMG WTF (LIQ Salt)(30mL) TFN,30.0,All / Saleable / E-Juice,4.95,1,TPL_0165
FLVR - Mighty Vapors (LIQ FB)(100mL) Hulk Tears|100.0,FLVR - Mighty Vapors (LIQ FB)(100mL) Hulk Tears,100.0,All / Saleable / E-Juice,6.0,8,TPL_0166
FLVR - Mighty Vapors (LIQ FB)(100mL)|100.0,FLVR - Mighty Vapors (LIQ FB)(100mL),100.0,All / Saleable / E-Juice,6.0,1,TPL_0167
FLVR - Mighty Vapors (LIQ Salt)(30mL) Hulk Tears|30.0,FLVR - Mighty Vapors (LIQ Salt)(30mL) Hulk Tears,30.0,All / Saleable / E-Juice,6.0,1,TPL_0168
FNST - Finest (LIQ FB)(100mL) Dessert Edt.|100.0,FNST - Finest (LIQ FB)(100mL) Dessert Edt.,100.0,All / Saleable / E-Juice,6.75,2,TPL_0169
FNST - Finest (LIQ FB)(120mL; 60mL x2) Signature Edt.|nan,FNST - Finest (LIQ FB)(120mL; 60mL x2) Signature Edt.,,All / Saleable / E-Juice,8.25,1,TPL_0170
FNST - Finest (LIQ Salt)(30mL) Candy Edt.|30.0,FNST - Finest (LIQ Salt)(30mL) Candy Edt.,30.0,All / Saleable / E-Juice,5.5,12,TPL_0171
FNST - Finest (LIQ Salt)(30mL) Dessert Edt.|30.0,FNST - Finest (LIQ Salt)(30mL) Dessert Edt.,30.0,All / Saleable / E-Juice,5.5,5,TPL_0172
FNST - Finest (LIQ Salt)(30mL) Mint Edt.|30.0,FNST - Finest (LIQ Salt)(30mL) Mint Edt.,30.0,All / Saleable / E-Juice,5.5,1,TPL_0173
FNST - SWFT Meta (Dispo) (30000Puff)(24mL)|24.0,FNST - SWFT Meta (Dispo) (30000Puff)(24mL),24.0,All / Saleable / Disposable E-Cig,9.0,3,TPL_0174
FNST - SWFT Mod (Dispo) (5000Puff)(15mL)|15.0,FNST - SWFT Mod (Dispo) (5000Puff)(15mL),15.0,All / Saleable / Mod,2.9500000000000006,6,TPL_0175
FRFM - Esco Bar/Fruitia (Dispo) (6000Puff)(15mL)|15.0,FRFM - Esco Bar/Fruitia (Dispo) (6000Puff)(15mL),15.0,All / Saleable / Disposable E-Cig,1.95,2,TPL_0176
FRFM - Esco Bar/Fruitia Mesh (Dispo) (5000Puff)(12mL) -White Gummy 50mg|nan,FRFM - Esco Bar/Fruitia Mesh (Dispo) (5000Puff)(12mL) -White Gummy 50mg,,All / Saleable / Disposable E-Cig,1.95,1,TPL_0177
FRFM - Fifty Bar/Fruitia  (Dispo) (20000Puff)(18mL)|18.0,FRFM - Fifty Bar/Fruitia  (Dispo) (20000Puff)(18mL),18.0,All / Saleable / Disposable E-Cig,11.0,1,TPL_0178
FRFM - Fruitia (LIQ FB)(100mL) Extra Ice|100.0,FRFM - Fruitia (LIQ FB)(100mL) Extra Ice,100.0,All / Saleable / E-Juice,3.95,2,TPL_0179
FRFM - Fruitia (LIQ FB)(60mL)|60.0,FRFM - Fruitia (LIQ FB)(60mL),60.0,All / Saleable / E-Juice,5.0,11,TPL_0180
FRFM - Fruitia (LIQ Salt)(30mL) Extra Ice|30.0,FRFM - Fruitia (LIQ Salt)(30mL) Extra Ice,30.0,All / Saleable / E-Juice,3.95,2,TPL_0181
FRFM - Fruitia (LIQ Salt)(30mL)|30.0,FRFM - Fruitia (LIQ Salt)(30mL),30.0,All / Saleable / E-Juice,5.0,5,TPL_0182
FRMX - Freemax (REPL. Glass)(1pc) Mesh Pro|nan,FRMX - Freemax (REPL. Glass)(1pc) Mesh Pro,,All / Saleable / Accessories,1.33,1,TPL_0183
FRMX - Freemax EVOX (Pods)(3-pack) 5mL|nan,FRMX - Freemax EVOX (Pods)(3-pack) 5mL,,All / Saleable / Replacement Pod,3.14,1,TPL_0184
FRMX - Freemax Fireluke M Series (Coils)(5-Pack)|nan,FRMX - Freemax Fireluke M Series (Coils)(5-Pack),,All / Saleable / Coil,8.918571428571429,7,TPL_0185
FRMX - Freemax Galex (Pods)(2-Pack)|nan,FRMX - Freemax Galex (Pods)(2-Pack),,All / Saleable / Replacement Pod,3.06,1,TPL_0186
FRMX - Freemax MS Mesh (Coils)(5-Pack)|nan,FRMX - Freemax MS Mesh (Coils)(5-Pack),,All / Saleable / Accessories,3.75,2,TPL_0187
FRMX - Freemax Maxus Pro 904L M Mesh (Coils)(3-Pack)|nan,FRMX - Freemax Maxus Pro 904L M Mesh (Coils)(3-Pack),,All / Saleable / Accessories,3.75,1,TPL_0188
FRMX - Freemax Starlux (Kit PS)|nan,FRMX - Freemax Starlux (Kit PS),,All / Saleable / Accessories,3.75,2,TPL_0189
FRMX - Freemax Starlux (Pods)(1pc)|4.0,FRMX - Freemax Starlux (Pods)(1pc),4.0,All / Saleable / Accessories,3.75,1,TPL_0190
FRMX - Freemax X1-D Mesh (Coils)(5-Pack)|nan,FRMX - Freemax X1-D Mesh (Coils)(5-Pack),,All / Saleable / Accessories,5.22,1,TPL_0191
FRMX - Freemax Xfill Pods (5mL pod + 10mL bottle)|nan,FRMX - Freemax Xfill Pods (5mL pod + 10mL bottle),,All / Saleable / Accessories,5.22,1,TPL_0192
FRYD - FRYD (Dispo) (12000Puff)(17mL)|17.0,FRYD - FRYD (Dispo) (12000Puff)(17mL),17.0,All / Saleable / Disposable E-Cig,4.95,9,TPL_0193
GKVP - GeekVape B100 Empty (Pods)(2-Pack)|nan,GKVP - GeekVape B100 Empty (Pods)(2-Pack),,All / Saleable / Accessories,5.66,1,TPL_0194
GKVP - Geekvape Aegis Boost 3 (Kit PS)|nan,GKVP - Geekvape Aegis Boost 3 (Kit PS),,All / Saleable / Accessories,5.22,3,TPL_0195
GKVP - Geekvape Aegis Max 2 Max100 (Kit SK)|nan,GKVP - Geekvape Aegis Max 2 Max100 (Kit SK),,All / Saleable / Accessories,5.22,1,TPL_0196
GKVP - Geekvape Aegis Max 2 Max100 (Mod)|nan,GKVP - Geekvape Aegis Max 2 Max100 (Mod),,All / Saleable / Accessories,5.22,1,TPL_0197
GKVP - Geekvape B Series (Coils)(5-Pack)|nan,GKVP - Geekvape B Series (Coils)(5-Pack),,All / Saleable / Accessories,5.66,1,TPL_0198
GKVP - Geekvape Boost Pro 2 B100 (Kit PS)|nan,GKVP - Geekvape Boost Pro 2 B100 (Kit PS),,All / Saleable / Accessories,13.35,5,TPL_0199
GLAS - Basix (LIQ FB)(60mL)|60.0,GLAS - Basix (LIQ FB)(60mL),60.0,All / Saleable / E-Juice,5.67,10,TPL_0200
GLAS - Basix (LIQ Salt)(30mL)|30.0,GLAS - Basix (LIQ Salt)(30mL),30.0,All / Saleable / E-Juice,5.684782608695652,23,TPL_0201
GOST - Bar Juice (LIQ FB)(100mL) BJ30000|100.0,GOST - Bar Juice (LIQ FB)(100mL) BJ30000,100.0,All / Saleable / E-Juice,5.0,9,TPL_0202
GOST - Bar Juice (LIQ Salt)(30mL) BJ15000|30.0,GOST - Bar Juice (LIQ Salt)(30mL) BJ15000,30.0,All / Saleable / E-Juice,4.5,5,TPL_0203
GOST - Fruit House (LIQ FB)(100mL) TFN|100.0,GOST - Fruit House (LIQ FB)(100mL) TFN,100.0,All / Saleable / E-Juice,3.75,7,TPL_0204
GOST - Pancake House (LIQ FB)(100mL)|100.0,GOST - Pancake House (LIQ FB)(100mL),100.0,All / Saleable / E-Juice,5.875,12,TPL_0205
GOST - Pancake House (LIQ Salt)(30mL)|30.0,GOST - Pancake House (LIQ Salt)(30mL),30.0,All / Saleable / E-Juice,5.75,1,TPL_0206
HITT - Hitt Infinite (Dispo) (8000Puff)(20mL)|20.0,HITT - Hitt Infinite (Dispo) (8000Puff)(20mL),20.0,All / Saleable / Disposable E-Cig,4.25,4,TPL_0207
HMBL - Humble (LIQ FB)(100mL) TFN|100.0,HMBL - Humble (LIQ FB)(100mL) TFN,100.0,All / Saleable / E-Juice,5.5,2,TPL_0208
HMBL - Humble (LIQ FB)(120mL) TFN|120.0,HMBL - Humble (LIQ FB)(120mL) TFN,120.0,All / Saleable / E-Juice,5.785714285714286,21,TPL_0209
HMBL - Humble (LIQ FB)(60mL)|nan,HMBL - Humble (LIQ FB)(60mL),,All / Saleable / Coil,7.919999999999999,6,TPL_0210
HMBL - Humble (LIQ Salt)(30mL) TFN|30.0,HMBL - Humble (LIQ Salt)(30mL) TFN,30.0,All / Saleable / E-Juice,4.9375,4,TPL_0211
HMBL - Humble (LIQ Salt)(30mL)|nan,HMBL - Humble (LIQ Salt)(30mL),,All / Saleable / Coil,18.599166666666665,12,TPL_0212
HPPY - G Pulse (DSPLY 5pc)(Nic Pouch) (20ct Can)(SAS)|nan,HPPY - G Pulse (DSPLY 5pc)(Nic Pouch) (20ct Can)(SAS),,All / Saleable / ShopWill,9.25,2,TPL_0213
HRDM - Hero (LIQ Salt)(30mL)|30.0,HRDM - Hero (LIQ Salt)(30mL),30.0,All / Saleable / E-Juice,3.95,4,TPL_0214
HRZN - Horizon Aquila (Coils)(3-Pack)|nan,HRZN - Horizon Aquila (Coils)(3-Pack),,All / Saleable / Kit,23.67,1,TPL_0215
HRZN - Horizon BC SE6000 (Dispo) (6000Puff)(12mL)|12.0,HRZN - Horizon BC SE6000 (Dispo) (6000Puff)(12mL),12.0,All / Saleable / Disposable E-Cig,3.95,7,TPL_0216
HRZN - Horizon BC TH6000 (Dispo) (6000Puff)(12mL)|12.0,HRZN - Horizon BC TH6000 (Dispo) (6000Puff)(12mL),12.0,All / Saleable / Disposable E-Cig,3.95,7,TPL_0217
HRZN - Horizon Falcon (Coils)(3-Pack)|nan,HRZN - Horizon Falcon (Coils)(3-Pack),,All / Saleable / Kit,23.295,4,TPL_0218
HRZN - Horizon Falcon 2 (Coils)(3-Pack)|nan,HRZN - Horizon Falcon 2 (Coils)(3-Pack),,All / Saleable / Replacement Pod,5.06,1,TPL_0219
HRZN - Horizon Sakerz Master (Tank)|nan,HRZN - Horizon Sakerz Master (Tank),,All / Saleable / Coil,7.7,1,TPL_0220
HRZN - Horizon Talons (Kit PS)|nan,HRZN - Horizon Talons (Kit PS),,All / Saleable / Coil,7.7,1,TPL_0221
HRZN - Horizon Talons (Pods)(2-Pack)|nan,HRZN - Horizon Talons (Pods)(2-Pack),,All / Saleable / Coil,6.73,4,TPL_0222
HRZN - Horizon Talons Starter (Kit PS)|nan,HRZN - Horizon Talons Starter (Kit PS),,All / Saleable / Replacement Pod,4.773333333333333,3,TPL_0223
HYBR - Hyper Bar PX20000 (Dispo) (20000Puff)(20mL)|20.0,HYBR - Hyper Bar PX20000 (Dispo) (20000Puff)(20mL),20.0,All / Saleable / Disposable E-Cig,3.8642857142857143,7,TPL_0224
HYPP - Hyppe Max Air (Dispo) (5000Puff)(13mL)|13.0,HYPP - Hyppe Max Air (Dispo) (5000Puff)(13mL),13.0,All / Saleable / Disposable E-Cig,3.95,1,TPL_0225
IKDI - Dummy Vapes (Dispo) (8000Puff)(18mL)|18.0,IKDI - Dummy Vapes (Dispo) (8000Puff)(18mL),18.0,All / Saleable / Disposable E-Cig,1.95,8,TPL_0226
INNE - Innevape (LIQ FB)(100mL)|100.0,INNE - Innevape (LIQ FB)(100mL),100.0,All / Saleable / E-Juice,5.7023809523809526,21,TPL_0227
INNE - Innevape (LIQ Salt)(30mL)|30.0,INNE - Innevape (LIQ Salt)(30mL),30.0,All / Saleable / E-Juice,5.75,11,TPL_0228
IVPS - SMOK (REPL. Glass) #4 Baby Bulb (1pc)|nan,IVPS - SMOK (REPL. Glass) #4 Baby Bulb (1pc),,All / Saleable / Kit,9.95,1,TPL_0229
IVPS - SMOK (REPL. Glass) #7 Baby V2 Bulb (1pc)|nan,IVPS - SMOK (REPL. Glass) #7 Baby V2 Bulb (1pc),,All / Saleable / Replacement Pod,4.34,1,TPL_0230
IVPS - SMOK Baby (Coils)(5-Pack)|nan,IVPS - SMOK Baby (Coils)(5-Pack),,All / Saleable / Kit,4.524,5,TPL_0231
IVPS - SMOK Mag Solo (Mod)|nan,IVPS - SMOK Mag Solo (Mod),,All / Saleable / Replacement Pod,4.113333333333333,3,TPL_0232
IVPS - SMOK Nord (Coils)(5-Pack)|nan,IVPS - SMOK Nord (Coils)(5-Pack),,All / Saleable / Kit,6.46,2,TPL_0233
IVPS - SMOK Nord 2 (Kit PS)|nan,IVPS - SMOK Nord 2 (Kit PS),,All / Saleable / Kit,11.51,1,TPL_0234
IVPS - SMOK Nord 2 (Pods)(3-Pack)|nan,IVPS - SMOK Nord 2 (Pods)(3-Pack),,All / Saleable / Kit,18.23,1,TPL_0235
IVPS - SMOK Nord 4 (Kit PS)|120.0,IVPS - SMOK Nord 4 (Kit PS),120.0,All / Saleable / E-Juice,2.5,1,TPL_0236
IVPS - SMOK Nord 4 (Kit PS)|nan,IVPS - SMOK Nord 4 (Kit PS),,All / Saleable / E-Juice,7.375,4,TPL_0237
IVPS - SMOK Nord 5 (Kit PS)|nan,IVPS - SMOK Nord 5 (Kit PS),,All / Saleable / E-Juice,1.5,8,TPL_0238
IVPS - SMOK Nord 50W (Pods)(3-Pack)|nan,IVPS - SMOK Nord 50W (Pods)(3-Pack),,All / Saleable / E-Juice,1.5,2,TPL_0239
IVPS - SMOK Nord GT (Kit PS) Leather Edt.- Black Gun Metal|nan,IVPS - SMOK Nord GT (Kit PS) Leather Edt.- Black Gun Metal,,All / Saleable / E-Juice,1.5,1,TPL_0240
IVPS - SMOK Nord GT (Kit PS)|nan,IVPS - SMOK Nord GT (Kit PS),,All / Saleable / E-Juice,1.5,1,TPL_0241
IVPS - SMOK Nord Pro (Coils)(5-Pack)|nan,IVPS - SMOK Nord Pro (Coils)(5-Pack),,All / Saleable / E-Juice,1.5,2,TPL_0242
IVPS - SMOK Nord Pro (Pods)(3-Pack)|nan,IVPS - SMOK Nord Pro (Pods)(3-Pack),,All / Saleable / E-Juice,1.25,1,TPL_0243
IVPS - SMOK Novo (Pods)(3-Pack) TF|nan,IVPS - SMOK Novo (Pods)(3-Pack) TF,,All / Saleable / E-Juice,1.25,1,TPL_0244
IVPS - SMOK Novo (Pods)(3-Pack)|nan,IVPS - SMOK Novo (Pods)(3-Pack),,All / Saleable / E-Juice,1.25,3,TPL_0245
IVPS - SMOK Novo 2 (Kit PS)|nan,IVPS - SMOK Novo 2 (Kit PS),,All / Saleable / E-Juice,4.324285714285714,14,TPL_0246
IVPS - SMOK Novo 2 (Pods)(3-Pack)|nan,IVPS - SMOK Novo 2 (Pods)(3-Pack),,All / Saleable / Kit,3.5500000000000003,3,TPL_0247
IVPS - SMOK Novo 2C (Kit PS)|nan,IVPS - SMOK Novo 2C (Kit PS),,All / Saleable / Replacement Pod,4.783333333333333,6,TPL_0248
IVPS - SMOK Novo 2S (Kit PS)|nan,IVPS - SMOK Novo 2S (Kit PS),,All / Saleable / Accessories,0.93,1,TPL_0249
IVPS - SMOK Novo 2X (Kit PS)|nan,IVPS - SMOK Novo 2X (Kit PS),,All / Saleable / Coil,6.266,5,TPL_0250
IVPS - SMOK Novo 3 (Kit PS)|nan,IVPS - SMOK Novo 3 (Kit PS),,All / Saleable / Coil,4.9625,4,TPL_0251
IVPS - SMOK Novo 5 (Kit PS)|nan,IVPS - SMOK Novo 5 (Kit PS),,All / Saleable / Coil,6.243333333333333,3,TPL_0252
IVPS - SMOK Novo Eco (Kit PS) 1000mAh|nan,IVPS - SMOK Novo Eco (Kit PS) 1000mAh,,All / Saleable / Coil,6.33,1,TPL_0253
IVPS - SMOK Novo GT Box (Kit PS)|nan,IVPS - SMOK Novo GT Box (Kit PS),,All / Saleable / Coil,6.33,1,TPL_0254
IVPS - SMOK Novo M (Pods)(3-Pack) 2mL Top-Fill -0.8ohm|nan,IVPS - SMOK Novo M (Pods)(3-Pack) 2mL Top-Fill -0.8ohm,,All / Saleable / Kit,43.32,1,TPL_0255
IVPS - SMOK Novo M (Pods)(3-Pack) 2mL Top-Fill -1.0ohm|nan,IVPS - SMOK Novo M (Pods)(3-Pack) 2mL Top-Fill -1.0ohm,,All / Saleable / Replacement Pod,4.7,1,TPL_0256
IVPS - SMOK Novo M (Pods)(3-Pack) 2mL Top-Fill|nan,IVPS - SMOK Novo M (Pods)(3-Pack) 2mL Top-Fill,,All / Saleable / Replacement Pod,0.5,1,TPL_0257
IVPS - SMOK Novo Master (Kit PS) Leather Series|nan,IVPS - SMOK Novo Master (Kit PS) Leather Series,,All / Saleable / Replacement Pod,3.02,1,TPL_0258
IVPS - SMOK Novo Master (Kit PS)|nan,IVPS - SMOK Novo Master (Kit PS),,All / Saleable / Kit,19.39,1,TPL_0259
IVPS - SMOK Novo Pro (Kit PS) Leather Series|nan,IVPS - SMOK Novo Pro (Kit PS) Leather Series,,All / Saleable / Coil,9.57,3,TPL_0260
IVPS - SMOK Novo Pro (Kit PS)|nan,IVPS - SMOK Novo Pro (Kit PS),,All / Saleable / Coil,7.17,2,TPL_0261
IVPS - SMOK Novo SLR (Pods)(3-Pack) 2mL|nan,IVPS - SMOK Novo SLR (Pods)(3-Pack) 2mL,,All / Saleable / Mod,14.95,1,TPL_0262
IVPS - SMOK Solus 2 (Kit PS)|nan,IVPS - SMOK Solus 2 (Kit PS),,All / Saleable / Mod,14.95,1,TPL_0263
IVPS - SMOK TF (Coils)(3-Pack)|nan,IVPS - SMOK TF (Coils)(3-Pack),,All / Saleable / Mod,14.95,1,TPL_0264
IVPS - SMOK TFV12 (Coils)(3-Pack)|nan,IVPS - SMOK TFV12 (Coils)(3-Pack),,All / Saleable / Coil,6.09,1,TPL_0265
IVPS - SMOK TFV16 (Coils)(3-Pack)|nan,IVPS - SMOK TFV16 (Coils)(3-Pack),,All / Saleable / Coil,6.05,1,TPL_0266
IVPS - SMOK TFV18 (Tank)|nan,IVPS - SMOK TFV18 (Tank),,All / Saleable / Kit,14.0025,4,TPL_0267
IVPS - SMOK TFV8 (Coils)(3-Pack)|nan,IVPS - SMOK TFV8 (Coils)(3-Pack),,All / Saleable / Kit,19.22,2,TPL_0268
IVPS - SMOK TFV9 (Tank)|nan,IVPS - SMOK TFV9 (Tank),,All / Saleable / Kit,19.22,1,TPL_0269
IVPS - SMOK Tech 247 (Pods)(2-Pack)|nan,IVPS - SMOK Tech 247 (Pods)(2-Pack),,All / Saleable / Mod,14.95,1,TPL_0270
IVPS - SMOK Vape Pen (Coils)(5-Pack)|nan,IVPS - SMOK Vape Pen (Coils)(5-Pack),,All / Saleable / Kit,18.11,2,TPL_0271
IVPS - SMOK Vape Pen 22 (Coils)(5-Pack)|nan,IVPS - SMOK Vape Pen 22 (Coils)(5-Pack),,All / Saleable / Kit,18.11,2,TPL_0272
IVPS - SMOK Vape Pen V2 (Kit SK)|nan,IVPS - SMOK Vape Pen V2 (Kit SK),,All / Saleable / Kit,15.075999999999999,5,TPL_0273
IVPS - SMOK X-Priv Plus (Kit SK)|nan,IVPS - SMOK X-Priv Plus (Kit SK),,All / Saleable / Replacement Pod,10.864999999999998,2,TPL_0274
IVPS - SMOK X-Priv Plus (Mod)|nan,IVPS - SMOK X-Priv Plus (Mod),,All / Saleable / Kit,11.209999999999999,3,TPL_0275
JCMN - Juice Man (LIQ Salt)(30mL)|30.0,JCMN - Juice Man (LIQ Salt)(30mL),30.0,All / Saleable / E-Juice,3.5,2,TPL_0276
JRUD - Juice Roll Upz (LIQ FB)(100mL) Licks TF-Nic|100.0,JRUD - Juice Roll Upz (LIQ FB)(100mL) Licks TF-Nic,100.0,All / Saleable / E-Juice,5.0,11,TPL_0277
JRUD - Juice Roll Upz (LIQ FB)(100mL) TF-Nic|100.0,JRUD - Juice Roll Upz (LIQ FB)(100mL) TF-Nic,100.0,All / Saleable / E-Juice,5.0,26,TPL_0278
JRUD - Juice Roll Upz (LIQ Salt)(30mL) TF-Nic|30.0,JRUD - Juice Roll Upz (LIQ Salt)(30mL) TF-Nic,30.0,All / Saleable / E-Juice,5.0,13,TPL_0279
JRUD - Juice Roll Upz Dessertz (LIQ FB)(100mL)|100.0,JRUD - Juice Roll Upz Dessertz (LIQ FB)(100mL),100.0,All / Saleable / E-Juice,5.0,8,TPL_0280
JRUD - Juice Roll Upz Dessertz (LIQ Salts)(30mL)|30.0,JRUD - Juice Roll Upz Dessertz (LIQ Salts)(30mL),30.0,All / Saleable / E-Juice,5.0,3,TPL_0281
LAVP - Lucy Nicotine Gum 10pc|nan,LAVP - Lucy Nicotine Gum 10pc,,All / Saleable / E-Juice,3.0,1,TPL_0282
LIQL - Keep It 100 (LIQ FB)(100mL) TF-Nic|100.0,LIQL - Keep It 100 (LIQ FB)(100mL) TF-Nic,100.0,All / Saleable / E-Juice,5.2,17,TPL_0283
LMRY - Lost Mary BM5000 (Dispo) (5000Puff) 4-5% (14mL)|nan,LMRY - Lost Mary BM5000 (Dispo) (5000Puff) 4-5% (14mL),,All / Saleable / Replacement Pod,3.596666666666667,3,TPL_0284
LSTV - Lost Vape E Plus (Pods)(3-Pack)|nan,LSTV - Lost Vape E Plus (Pods)(3-Pack),,All / Saleable / Replacement Pod,3.58,1,TPL_0285
LSTV - Lost Vape Thelema Mini (Kit SK) UB Lite Tank Edt.|nan,LSTV - Lost Vape Thelema Mini (Kit SK) UB Lite Tank Edt.,,All / Saleable / Replacement Pod,4.62,1,TPL_0286
LSTV - Lost Vape UB Lite (Coils)(5-Pack)|nan,LSTV - Lost Vape UB Lite (Coils)(5-Pack),,All / Saleable / Kit,10.83,2,TPL_0287
LSTV - Lost Vape UB Max (Coils)(3-Pack)|nan,LSTV - Lost Vape UB Max (Coils)(3-Pack),,All / Saleable / Kit,10.83,2,TPL_0288
LSTV - Lost Vape UB Ultra (Coils)(5-Pack)|nan,LSTV - Lost Vape UB Ultra (Coils)(5-Pack),,All / Saleable / Kit,10.83,1,TPL_0289
LSTV - Lost Vape Ultra Boost (Coils)(5-Pack)|nan,LSTV - Lost Vape Ultra Boost (Coils)(5-Pack),,All / Saleable / Kit,10.83,2,TPL_0290
LSTV - Lost Vape Ursa (Pods)(1pc) 2mL|nan,LSTV - Lost Vape Ursa (Pods)(1pc) 2mL,,All / Saleable / Kit,10.83,1,TPL_0291
LSTV - Lost Vape Ursa V2 (Pods)(3-Pack) 2.5mL|nan,LSTV - Lost Vape Ursa V2 (Pods)(3-Pack) 2.5mL,,All / Saleable / Kit,10.31,2,TPL_0292
LTUS - Esco Bar/Noms (Dispo) (4000Puff)(9mL)|9.0,LTUS - Esco Bar/Noms (Dispo) (4000Puff)(9mL),9.0,All / Saleable / Disposable E-Cig,1.95,1,TPL_0293
LTUS - Freenoms (LIQ FB)(120mL)|120.0,LTUS - Freenoms (LIQ FB)(120mL),120.0,All / Saleable / E-Juice,7.7,10,TPL_0294
LTUS - Nomenon (LIQ FB)(120mL) X2 Series|120.0,LTUS - Nomenon (LIQ FB)(120mL) X2 Series,120.0,All / Saleable / E-Juice,7.4,1,TPL_0295
LTUS - Nomenon (LIQ Salt)(30mL)|30.0,LTUS - Nomenon (LIQ Salt)(30mL),30.0,All / Saleable / E-Juice,6.4,2,TPL_0296
LTUS - Nomenon Noms (LIQ Salt)(30mL) 2X Series|30.0,LTUS - Nomenon Noms (LIQ Salt)(30mL) 2X Series,30.0,All / Saleable / E-Juice,6.4,2,TPL_0297
LTUS - Noms 100 (LIQ FB)(100mL)|100.0,LTUS - Noms 100 (LIQ FB)(100mL),100.0,All / Saleable / E-Juice,6.400000000000001,6,TPL_0298
LUSH - Lush Alien (Dispo) (6000Puff)(15mL)|15.0,LUSH - Lush Alien (Dispo) (6000Puff)(15mL),15.0,All / Saleable / Disposable E-Cig,5.5,7,TPL_0299
MALQ - Anarchist (LIQ Salt)(30mL) TFN|30.0,MALQ - Anarchist (LIQ Salt)(30mL) TFN,30.0,All / Saleable / E-Juice,4.95,1,TPL_0300
MFWS - Chubby Bubble Vapes (LIQ FB)(100mL)|100.0,MFWS - Chubby Bubble Vapes (LIQ FB)(100mL),100.0,All / Saleable / E-Juice,5.25,10,TPL_0301
MIPD - FLONQ Max Pro (Dispo) (20000Puff) 2% (18mL)|18.0,MIPD - FLONQ Max Pro (Dispo) (20000Puff) 2% (18mL),18.0,All / Saleable / Disposable E-Cig,6.95,7,TPL_0302
MIPD - FLONQ Max Pro (Dispo) (20000Puff) 5% (18mL)|18.0,MIPD - FLONQ Max Pro (Dispo) (20000Puff) 5% (18mL),18.0,All / Saleable / Disposable E-Cig,6.95,9,TPL_0303
MIPD - FLONQ Max Pro ZERO (Dispo) (20000Puffs)(18mL)|18.0,MIPD - FLONQ Max Pro ZERO (Dispo) (20000Puffs)(18mL),18.0,All / Saleable / Disposable E-Cig,6.95,4,TPL_0304
MIPD - FLONQ Max Smart (Dispo) (10000Puff) 2% (14mL)|14.0,MIPD - FLONQ Max Smart (Dispo) (10000Puff) 2% (14mL),14.0,All / Saleable / Disposable E-Cig,6.5,10,TPL_0305
MIPD - FLONQ Max Smart (Dispo) (10000Puff) 5% (14mL)|14.0,MIPD - FLONQ Max Smart (Dispo) (10000Puff) 5% (14mL),14.0,All / Saleable / Disposable E-Cig,6.5,1,TPL_0306
MIPD - FLONQ Max Smart ZERO (Dispo) (10000Puff)(14mL)|14.0,MIPD - FLONQ Max Smart ZERO (Dispo) (10000Puff)(14mL),14.0,All / Saleable / Disposable E-Cig,7.357142857142857,7,TPL_0307
MIPD - Fasta Burrst 35000 (Dispo) (35000Puff)(25mL) Sour Edt.|25.0,MIPD - Fasta Burrst 35000 (Dispo) (35000Puff)(25mL) Sour Edt.,25.0,All / Saleable / Disposable E-Cig,7.7,1,TPL_0308
MIPD - Mi-Pod 2.0 (Pods)(2-Pack) 2mL|nan,MIPD - Mi-Pod 2.0 (Pods)(2-Pack) 2mL,,All / Saleable / Kit,10.31,1,TPL_0309
MIPD - Mi-Pod Pro (Kit PS)|nan,MIPD - Mi-Pod Pro (Kit PS),,All / Saleable / Kit,10.83,1,TPL_0310
MIPD - Mi-Pod Pro (Pods)(2-Pack) 2mL|nan,MIPD - Mi-Pod Pro (Pods)(2-Pack) 2mL,,All / Saleable / Kit,10.83,2,TPL_0311
MIPD - X-Posed (Dispo only)(35000Puff)(16mL) Dispo POD|16.0,MIPD - X-Posed (Dispo only)(35000Puff)(16mL) Dispo POD,16.0,All / Saleable / Replacement Pod,6.25,8,TPL_0312
MISC - Voom Pod (Kit SK)|nan,MISC - Voom Pod (Kit SK),,All / Saleable / Replacement Pod,3.71,1,TPL_0313
MLVS - Phix (LIQPOD)(Pods)(4-Pack)|nan,MLVS - Phix (LIQPOD)(Pods)(4-Pack),,All / Saleable / Replacement Pod,4.225,2,TPL_0314
MNST - Jam Monster (LIQ FB)(100mL) Custard Swirl Edt.|100.0,MNST - Jam Monster (LIQ FB)(100mL) Custard Swirl Edt.,100.0,All / Saleable / E-Juice,6.25,6,TPL_0315
MNST - Jam Monster (LIQ FB)(100mL) Custard|100.0,MNST - Jam Monster (LIQ FB)(100mL) Custard,100.0,All / Saleable / E-Juice,6.25,12,TPL_0316
MNST - Jam Monster (LIQ FB)(100mL) Frozen|100.0,MNST - Jam Monster (LIQ FB)(100mL) Frozen,100.0,All / Saleable / E-Juice,6.25,6,TPL_0317
MNST - Jam Monster (LIQ FB)(100mL) Fruit|100.0,MNST - Jam Monster (LIQ FB)(100mL) Fruit,100.0,All / Saleable / E-Juice,6.25,6,TPL_0318
MNST - Jam Monster (LIQ FB)(100mL) Ice|100.0,MNST - Jam Monster (LIQ FB)(100mL) Ice,100.0,All / Saleable / E-Juice,6.25,2,TPL_0319
MNST - Jam Monster (LIQ FB)(100mL) Juice|100.0,MNST - Jam Monster (LIQ FB)(100mL) Juice,100.0,All / Saleable / E-Juice,6.25,3,TPL_0320
MNST - Jam Monster (LIQ FB)(100mL) Lemonade|100.0,MNST - Jam Monster (LIQ FB)(100mL) Lemonade,100.0,All / Saleable / E-Juice,6.25,1,TPL_0321
MNST - Jam Monster (LIQ FB)(100mL) Milk|100.0,MNST - Jam Monster (LIQ FB)(100mL) Milk,100.0,All / Saleable / E-Juice,6.25,5,TPL_0322
MNST - Jam Monster (LIQ FB)(100mL) Tobacco|100.0,MNST - Jam Monster (LIQ FB)(100mL) Tobacco,100.0,All / Saleable / E-Juice,6.25,8,TPL_0323
MNST - Jam Monster (LIQ Salt)(30mL) Custard|30.0,MNST - Jam Monster (LIQ Salt)(30mL) Custard,30.0,All / Saleable / E-Juice,5.75,6,TPL_0324
MNST - Jam Monster (LIQ Salt)(30mL) Frozen|30.0,MNST - Jam Monster (LIQ Salt)(30mL) Frozen,30.0,All / Saleable / E-Juice,5.75,3,TPL_0325
MNST - Jam Monster (LIQ Salt)(30mL) Fruit|30.0,MNST - Jam Monster (LIQ Salt)(30mL) Fruit,30.0,All / Saleable / E-Juice,5.75,3,TPL_0326
MNST - Jam Monster (LIQ Salt)(30mL) Ice|30.0,MNST - Jam Monster (LIQ Salt)(30mL) Ice,30.0,All / Saleable / E-Juice,5.75,2,TPL_0327
MNST - Jam Monster (LIQ Salt)(30mL) Juice|30.0,MNST - Jam Monster (LIQ Salt)(30mL) Juice,30.0,All / Saleable / E-Juice,4.75,1,TPL_0328
MNST - Jam Monster (LIQ Salt)(30mL) Milk|30.0,MNST - Jam Monster (LIQ Salt)(30mL) Milk,30.0,All / Saleable / E-Juice,5.75,7,TPL_0329
MNST - Jam Monster (LIQ Salt)(30mL) Tobacco|30.0,MNST - Jam Monster (LIQ Salt)(30mL) Tobacco,30.0,All / Saleable / E-Juice,5.75,8,TPL_0330
MNST - Pod Monster (LIQ FB)(60mL)|60.0,MNST - Pod Monster (LIQ FB)(60mL),60.0,All / Saleable / E-Juice,5.5,2,TPL_0331
MNST - Pod Monster (LIQ Salt)(60mL)|60.0,MNST - Pod Monster (LIQ Salt)(60mL),60.0,All / Saleable / E-Juice,5.5,14,TPL_0332
MRNA - Aqua (LIQ FB)(100mL)|100.0,MRNA - Aqua (LIQ FB)(100mL),100.0,All / Saleable / E-Juice,5.095588235294118,34,TPL_0333
MRNA - Aqua (LIQ Salt)(30mL)|30.0,MRNA - Aqua (LIQ Salt)(30mL),30.0,All / Saleable / E-Juice,4.957142857142857,14,TPL_0334
MWGD - North (Dispo) (5000Puff)(10mL)|10.0,MWGD - North (Dispo) (5000Puff)(10mL),10.0,All / Saleable / Disposable E-Cig,6.0,1,TPL_0335
MWGD - North FT12000 (Dispo) (12000Puff)(15mL)|15.0,MWGD - North FT12000 (Dispo) (12000Puff)(15mL),15.0,All / Saleable / Disposable E-Cig,2.95,1,TPL_0336
MWGD - Pillow Talk (Dispo) (8500Puff)(13mL) Resin Edt.|13.0,MWGD - Pillow Talk (Dispo) (8500Puff)(13mL) Resin Edt.,13.0,All / Saleable / Disposable E-Cig,2.95,1,TPL_0337
MWGD - Pillow Talk IC40000 (Dispo) (40000Puff)(20mL)|20.0,MWGD - Pillow Talk IC40000 (Dispo) (40000Puff)(20mL),20.0,All / Saleable / Disposable E-Cig,8.0,1,TPL_0338
MWGD - Pillow Talk NC40000 (Dispo) (40000Puff)(20mL)|20.0,MWGD - Pillow Talk NC40000 (Dispo) (40000Puff)(20mL),20.0,All / Saleable / Disposable E-Cig,8.0,2,TPL_0339
MWGD - Pillow Talk SC40000 (Dispo) (40000Puff)(20mL)|20.0,MWGD - Pillow Talk SC40000 (Dispo) (40000Puff)(20mL),20.0,All / Saleable / Disposable E-Cig,8.0,1,TPL_0340
NBHD - FRYD (LIQ FB)(100mL)|100.0,NBHD - FRYD (LIQ FB)(100mL),100.0,All / Saleable / E-Juice,5.5,7,TPL_0341
NBHD - FRYD (LIQ Salt)(30mL)|30.0,NBHD - FRYD (LIQ Salt)(30mL),30.0,All / Saleable / E-Juice,5.0,3,TPL_0342
NBHD - Mucho (LIQ FB)(100mL)|100.0,NBHD - Mucho (LIQ FB)(100mL),100.0,All / Saleable / E-Juice,5.5,11,TPL_0343
NBHD - Mucho (LIQ Salt)(30mL)|30.0,NBHD - Mucho (LIQ Salt)(30mL),30.0,All / Saleable / E-Juice,5.0,5,TPL_0344
NBHD - Sour House (LIQ FB)(100mL)|100.0,NBHD - Sour House (LIQ FB)(100mL),100.0,All / Saleable / E-Juice,5.5,14,TPL_0345
NSTY - Nasty Bar XL (Dispo) (20000Puff)(17mL)|17.0,NSTY - Nasty Bar XL (Dispo) (20000Puff)(17mL),17.0,All / Saleable / Disposable E-Cig,5.716666666666666,3,TPL_0346
None|nan,,,All / Saleable / E-Juice,8.629213483146067,178,TPL_0347
OUVP - One Up (LIQ FB)(100mL) Bolt TFN|100.0,OUVP - One Up (LIQ FB)(100mL) Bolt TFN,100.0,All / Saleable / E-Juice,5.5,1,TPL_0348
OUVP - One Up (LIQ FB)(100mL) Gold TFN|100.0,OUVP - One Up (LIQ FB)(100mL) Gold TFN,100.0,All / Saleable / E-Juice,5.5,4,TPL_0349
OUVP - One Up (LIQ FB)(100mL) Rivals TFN|100.0,OUVP - One Up (LIQ FB)(100mL) Rivals TFN,100.0,All / Saleable / E-Juice,5.5,3,TPL_0350
OUVP - One Up (LIQ FB)(100mL) TFN|100.0,OUVP - One Up (LIQ FB)(100mL) TFN,100.0,All / Saleable / E-Juice,5.5,8,TPL_0351
OUVP - One Up (LIQ Salt)(30mL) TFN|30.0,OUVP - One Up (LIQ Salt)(30mL) TFN,30.0,All / Saleable / E-Juice,5.0,6,TPL_0352
OXBR - Oxbar (LIQ Salt)(30mL) Pod Juice Edt.|30.0,OXBR - Oxbar (LIQ Salt)(30mL) Pod Juice Edt.,30.0,All / Saleable / E-Juice,5.5,3,TPL_0353
OXBR - Oxbar Ice-Nic (Dispo) (35000Puff)(14mL) Pod Juice Edt.|14.0,OXBR - Oxbar Ice-Nic (Dispo) (35000Puff)(14mL) Pod Juice Edt.,14.0,All / Saleable / E-Juice,10.0,5,TPL_0354
OXBR - Oxbar Magic Maze 2.0 ZERO (Dispo) (30000Puff)(13mL) Pod Juice Edt.|13.0,OXBR - Oxbar Magic Maze 2.0 ZERO (Dispo) (30000Puff)(13mL) Pod Juice Edt.,13.0,All / Saleable / E-Juice,10.0,8,TPL_0355
OXBR - Oxbar Magic Maze Pro (Dispo) (10000Puff)(18mL) Pod Juice Edt.|18.0,OXBR - Oxbar Magic Maze Pro (Dispo) (10000Puff)(18mL) Pod Juice Edt.,18.0,All / Saleable / E-Juice,5.95,6,TPL_0356
OXBR - Oxbar Magic Maze Pro (Dispo) (10000Puff)(18mL)|18.0,OXBR - Oxbar Magic Maze Pro (Dispo) (10000Puff)(18mL),18.0,All / Saleable / Disposable E-Cig,7.975,2,TPL_0357
OXBR - Oxbar Nic-Switch (Dispo) (35000Puff)(14mL) Pod Juice Edt.|nan,OXBR - Oxbar Nic-Switch (Dispo) (35000Puff)(14mL) Pod Juice Edt.,,All / Saleable / Kit,6.33,2,TPL_0358
OXBR - Oxbar Oxpod Elite (Pods)(2-Pack) 8mL Pod Juice Edt.|nan,OXBR - Oxbar Oxpod Elite (Pods)(2-Pack) 8mL Pod Juice Edt.,,All / Saleable / Kit,6.33,1,TPL_0359
OXBR - SVOPP 30K Battery (Battery Only) Pod Juice Edt.|nan,OXBR - SVOPP 30K Battery (Battery Only) Pod Juice Edt.,,All / Saleable / Kit,6.33,2,TPL_0360
OXBR - SVOPP Pods (Liq Pod)(30000Puff)(13mL) Pod Juice Edt.|13.0,OXBR - SVOPP Pods (Liq Pod)(30000Puff)(13mL) Pod Juice Edt.,13.0,All / Saleable / E-Juice,5.0,8,TPL_0361
OXBR - SVOPP Pods (Liq Pod)(30000Puff)(13mL) Pod Juice Edt.|nan,OXBR - SVOPP Pods (Liq Pod)(30000Puff)(13mL) Pod Juice Edt.,,All / Saleable / Kit,9.01,2,TPL_0362
OXVA - OXVA Xlim V3 (Pods)(3-Pack)|nan,OXVA - OXVA Xlim V3 (Pods)(3-Pack),,All / Saleable / Kit,11.58,1,TPL_0363
PATA - Urban Tale Xplore (Pods)(3-Pack) 2mL|nan,PATA - Urban Tale Xplore (Pods)(3-Pack) 2mL,,All / Saleable / Kit,11.58,2,TPL_0364
PFLB - Puff Labs (LIQ FB)(100mL) Fruits|100.0,PFLB - Puff Labs (LIQ FB)(100mL) Fruits,100.0,All / Saleable / E-Juice,4.5,2,TPL_0365
PFLB - Puff Labs (LIQ FB)(100mL)|100.0,PFLB - Puff Labs (LIQ FB)(100mL),100.0,All / Saleable / E-Juice,5.5,1,TPL_0366
PFLB - Puff Labs Hotbox Luxe (Dispo) (12000Puff)(20mL)|20.0,PFLB - Puff Labs Hotbox Luxe (Dispo) (12000Puff)(20mL),20.0,All / Saleable / Disposable E-Cig,7.75,1,TPL_0367
PFLB - Strange Fruit (LIQ FB)(100mL)|100.0,PFLB - Strange Fruit (LIQ FB)(100mL),100.0,All / Saleable / E-Juice,5.5,3,TPL_0368
PKWD - Packspod (Dispo) (5000Puff)(12mL) Limited Edt.|12.0,PKWD - Packspod (Dispo) (5000Puff)(12mL) Limited Edt.,12.0,All / Saleable / Replacement Pod,1.95,2,TPL_0369
POJU - Pod Juice (LIQ FB)(100mL) TFN|100.0,POJU - Pod Juice (LIQ FB)(100mL) TFN,100.0,All / Saleable / E-Juice,6.5,24,TPL_0370
POJU - Pod Juice (LIQ Salt)(30mL) TFN PJ5000|30.0,POJU - Pod Juice (LIQ Salt)(30mL) TFN PJ5000,30.0,All / Saleable / E-Juice,5.5,10,TPL_0371
POJU - Pod Juice (LIQ Salt)(30mL) TFN|30.0,POJU - Pod Juice (LIQ Salt)(30mL) TFN,30.0,All / Saleable / E-Juice,5.5,24,TPL_0372
POJU - Pod Juice Hyde IQ (Dispo) (5000Puff)(8mL)|8.0,POJU - Pod Juice Hyde IQ (Dispo) (5000Puff)(8mL),8.0,All / Saleable / E-Juice,3.95,2,TPL_0373
POJU - Pod Juice Pod Flo (Dispo) (4000Puff)(10mL)|10.0,POJU - Pod Juice Pod Flo (Dispo) (4000Puff)(10mL),10.0,All / Saleable / E-Juice,2.95,1,TPL_0374
POJU - Pod Juice Pod Pocket (Dispo) (7500Puff)(10mL)|10.0,POJU - Pod Juice Pod Pocket (Dispo) (7500Puff)(10mL),10.0,All / Saleable / E-Juice,3.95,2,TPL_0375
POJU - Pod Juice x RAZ (LIQ FB)(100mL) TFN|100.0,POJU - Pod Juice x RAZ (LIQ FB)(100mL) TFN,100.0,All / Saleable / E-Juice,6.5,2,TPL_0376
POJU - Pod Juice x RAZ (LIQ Salt)(30mL) TFN|30.0,POJU - Pod Juice x RAZ (LIQ Salt)(30mL) TFN,30.0,All / Saleable / E-Juice,5.5,2,TPL_0377
PROP - Beach Club (LIQ FB)(100mL)|100.0,PROP - Beach Club (LIQ FB)(100mL),100.0,All / Saleable / E-Juice,5.5,6,TPL_0378
PROP - Beach Club (LIQ Salt)(30mL)|30.0,PROP - Beach Club (LIQ Salt)(30mL),30.0,All / Saleable / E-Juice,5.5,1,TPL_0379
PROP - Propaganda (LIQ FB)(100mL)|100.0,PROP - Propaganda (LIQ FB)(100mL),100.0,All / Saleable / E-Juice,6.0,4,TPL_0380
PROP - Propaganda (LIQ Salt)(30mL)|30.0,PROP - Propaganda (LIQ Salt)(30mL),30.0,All / Saleable / E-Juice,6.0,4,TPL_0381
PROP - The Hype (LIQ FB)(100mL)|100.0,PROP - The Hype (LIQ FB)(100mL),100.0,All / Saleable / E-Juice,6.0,14,TPL_0382
PROP - Vape Pink (LIQ FB)(100mL)|100.0,PROP - Vape Pink (LIQ FB)(100mL),100.0,All / Saleable / E-Juice,6.0,3,TPL_0383
RCKY - LVE Orion II (Kit PS)|nan,RCKY - LVE Orion II (Kit PS),,All / Saleable / Kit,11.58,1,TPL_0384
RCKY - LVE Orion II (Pods)(2-Pack)|4.5,RCKY - LVE Orion II (Pods)(2-Pack),4.5,All / Saleable / Kit,11.58,1,TPL_0385
RCKY - LVE Orion II Mesh (Coils)(5-Pack)|nan,RCKY - LVE Orion II Mesh (Coils)(5-Pack),,All / Saleable / Kit,10.92,1,TPL_0386
RDST - Voodoo Joos (LIQ FB)(100mL)|100.0,RDST - Voodoo Joos (LIQ FB)(100mL),100.0,All / Saleable / E-Juice,5.5,40,TPL_0387
RDST - Voodoo Joos (LIQ Salt)(30mL) Flavormax|30.0,RDST - Voodoo Joos (LIQ Salt)(30mL) Flavormax,30.0,All / Saleable / E-Juice,5.5,7,TPL_0388
RDST - Voodoo Joos (LIQ Salt)(30mL)|30.0,RDST - Voodoo Joos (LIQ Salt)(30mL),30.0,All / Saleable / E-Juice,5.5,4,TPL_0389
RELX - WAKA Smash (Dispo) (6000Puff) 5% (12mL)|12.0,RELX - WAKA Smash (Dispo) (6000Puff) 5% (12mL),12.0,All / Saleable / Disposable E-Cig,2.5,1,TPL_0390
RELX - WAKA SoPro DM (Dispo) (8000Puff)(14mL)|14.0,RELX - WAKA SoPro DM (Dispo) (8000Puff)(14mL),14.0,All / Saleable / Disposable E-Cig,2.95,1,TPL_0391
RMGD - Wave (Dispo) (8000Puff)(18mL)|18.0,RMGD - Wave (Dispo) (8000Puff)(18mL),18.0,All / Saleable / Disposable E-Cig,4.283333333333334,3,TPL_0392
RPVP - Ripe Vapes (LIQ FB)(120mL) San Juan Series|120.0,RPVP - Ripe Vapes (LIQ FB)(120mL) San Juan Series,120.0,All / Saleable / E-Juice,6.5,1,TPL_0393
RPVP - Ripe Vapes (LIQ FB)(120mL)|120.0,RPVP - Ripe Vapes (LIQ FB)(120mL),120.0,All / Saleable / E-Juice,6.5,3,TPL_0394
RPVP - Ripe Vapes (LIQ Salt)(30mL)|30.0,RPVP - Ripe Vapes (LIQ Salt)(30mL),30.0,All / Saleable / E-Juice,5.0,2,TPL_0395
RUTH - Loaded (LIQ FB)(100mL)|100.0,RUTH - Loaded (LIQ FB)(100mL),100.0,All / Saleable / E-Juice,7.7,20,TPL_0396
RUTH - Loaded (LIQ FB)(120mL)|120.0,RUTH - Loaded (LIQ FB)(120mL),120.0,All / Saleable / E-Juice,7.7,14,TPL_0397
RUTH - Loaded (LIQ Salt)(30mL)|30.0,RUTH - Loaded (LIQ Salt)(30mL),30.0,All / Saleable / E-Juice,4.5,7,TPL_0398
RUTH - Loaded (LIQ Salt)(60mL)|60.0,RUTH - Loaded (LIQ Salt)(60mL),60.0,All / Saleable / E-Juice,6.25,2,TPL_0399
RUTH - Ruthless (LIQ FB)(100mL) Freeze|100.0,RUTH - Ruthless (LIQ FB)(100mL) Freeze,100.0,All / Saleable / E-Juice,7.7,3,TPL_0400
RUTH - Ruthless (LIQ FB)(100mL)|100.0,RUTH - Ruthless (LIQ FB)(100mL),100.0,All / Saleable / E-Juice,7.7,16,TPL_0401
RUTH - Ruthless (LIQ FB)(120mL) Freeze|120.0,RUTH - Ruthless (LIQ FB)(120mL) Freeze,120.0,All / Saleable / E-Juice,7.7,2,TPL_0402
RUTH - Ruthless (LIQ FB)(120mL) Tobacco|120.0,RUTH - Ruthless (LIQ FB)(120mL) Tobacco,120.0,All / Saleable / E-Juice,7.7,3,TPL_0403
RUTH - Ruthless (LIQ FB)(120mL)|120.0,RUTH - Ruthless (LIQ FB)(120mL),120.0,All / Saleable / E-Juice,7.699999999999999,18,TPL_0404
RUTH - Ruthless (LIQ Salt)(30mL) Freeze Edt.|30.0,RUTH - Ruthless (LIQ Salt)(30mL) Freeze Edt.,30.0,All / Saleable / E-Juice,4.4,2,TPL_0405
RUTH - Ruthless (LIQ Salt)(30mL)|30.0,RUTH - Ruthless (LIQ Salt)(30mL),30.0,All / Saleable / E-Juice,4.4,12,TPL_0406
RUTH - Ruthless (LIQ Salt)(60mL)|60.0,RUTH - Ruthless (LIQ Salt)(60mL),60.0,All / Saleable / E-Juice,6.25,5,TPL_0407
RUTH - Ruthless Essentials (LIQ FB)(100mL)|nan,RUTH - Ruthless Essentials (LIQ FB)(100mL),,All / Saleable / Kit,10.92,2,TPL_0408
RWEJ - Redwood (LIQ FB)(60mL)|60.0,RWEJ - Redwood (LIQ FB)(60mL),60.0,All / Saleable / E-Juice,2.95,1,TPL_0409
SCDI - Time Bomb (LIQ FB)(120mL)|120.0,SCDI - Time Bomb (LIQ FB)(120mL),120.0,All / Saleable / E-Juice,6.0,10,TPL_0410
SCDI - Time Bomb (LIQ Salt)(30mL)|30.0,SCDI - Time Bomb (LIQ Salt)(30mL),30.0,All / Saleable / E-Juice,5.5,1,TPL_0411
SCDS - Kuz (Dispo) (9000Puff)(19mL) DABABY Exclusive|19.0,SCDS - Kuz (Dispo) (9000Puff)(19mL) DABABY Exclusive,19.0,All / Saleable / Disposable E-Cig,1.95,4,TPL_0412
SCDS - Kuz (Dispo) (9000Puff)(19mL)|19.0,SCDS - Kuz (Dispo) (9000Puff)(19mL),19.0,All / Saleable / Disposable E-Cig,1.95,6,TPL_0413
SCHW - Blank Bar (LIQ Salt)(30mL) 15000 Puff Juice|30.0,SCHW - Blank Bar (LIQ Salt)(30mL) 15000 Puff Juice,30.0,All / Saleable / E-Juice,1.5,20,TPL_0414
SCHW - Naked (LIQ FB)(60mL) *|60.0,SCHW - Naked (LIQ FB)(60mL) *,60.0,All / Saleable / E-Juice,4.0,2,TPL_0415
SCHW - Naked (LIQ FB)(60mL)|60.0,SCHW - Naked (LIQ FB)(60mL),60.0,All / Saleable / E-Juice,4.0,17,TPL_0416
SCHW - Naked (LIQ Salt)(30mL) Colombia Edt.|30.0,SCHW - Naked (LIQ Salt)(30mL) Colombia Edt.,30.0,All / Saleable / E-Juice,4.0,2,TPL_0417
SCHW - Naked (LIQ Salt)(30mL) Max TFN|30.0,SCHW - Naked (LIQ Salt)(30mL) Max TFN,30.0,All / Saleable / E-Juice,2.95,1,TPL_0418
SCHW - Naked 100 Max (Dispo) (4500Puff)(10mL)|10.0,SCHW - Naked 100 Max (Dispo) (4500Puff)(10mL),10.0,All / Saleable / Disposable E-Cig,0.95,7,TPL_0419
SGEX - Sugarbar Dual Turbo (Dispo) (18000Puff)(18mL)|18.0,SGEX - Sugarbar Dual Turbo (Dispo) (18000Puff)(18mL),18.0,All / Saleable / Disposable E-Cig,4.95,5,TPL_0420
SIGE - Sigelei Sobra (Kit SK)|nan,SIGE - Sigelei Sobra (Kit SK),,All / Saleable / Kit,10.92,1,TPL_0421
SILI - Sili Box (Dispo) (6000Puff)(16mL)|16.0,SILI - Sili Box (Dispo) (6000Puff)(16mL),16.0,All / Saleable / Disposable E-Cig,2.95,14,TPL_0422
SILI - Sili/Ripe (Dispo) (6000Puff)(16mL)|16.0,SILI - Sili/Ripe (Dispo) (6000Puff)(16mL),16.0,All / Saleable / Disposable E-Cig,2.95,5,TPL_0423
SILI - Sili/URB (Dispo) (6000Puff)(16mL)|16.0,SILI - Sili/URB (Dispo) (6000Puff)(16mL),16.0,All / Saleable / Disposable E-Cig,2.9500000000000006,6,TPL_0424
SOWD - EBDESIGN/Pod King XC5000 (Dispo) (5000Puff)(12mL)|12.0,SOWD - EBDESIGN/Pod King XC5000 (Dispo) (5000Puff)(12mL),12.0,All / Saleable / Replacement Pod,0.9499999999999998,9,TPL_0425
SOWD - KadoBar PK5000 (Dispo) (5000Puff)(14mL)|14.0,SOWD - KadoBar PK5000 (Dispo) (5000Puff)(14mL),14.0,All / Saleable / Disposable E-Cig,1.5,4,TPL_0426
SPIN - Spinmix E-Liquid (LIQ Salt)(30mL)|30.0,SPIN - Spinmix E-Liquid (LIQ Salt)(30mL),30.0,All / Saleable / E-Juice,5.0,1,TPL_0427
SPMN - SMOK Space Man SP40000 (Dispo) (40000Puff)(20mL)|20.0,SPMN - SMOK Space Man SP40000 (Dispo) (40000Puff)(20mL),20.0,All / Saleable / Disposable E-Cig,7.5,1,TPL_0428
SRMW - Onyx Cloud (Dispo) (25000Puff)(20mL)|20.0,SRMW - Onyx Cloud (Dispo) (25000Puff)(20mL),20.0,All / Saleable / Disposable E-Cig,8.25,1,TPL_0429
STRM - Bam Bam's (LIQ FB)(100mL) Cannoli|100.0,STRM - Bam Bam's (LIQ FB)(100mL) Cannoli,100.0,All / Saleable / E-Juice,5.0,5,TPL_0430
STRM - Juice Head (DSPLY 5pc)(Nic Pouch)(20ct Can) ZTN pre-priced|nan,STRM - Juice Head (DSPLY 5pc)(Nic Pouch)(20ct Can) ZTN pre-priced,,All / Saleable / Kit,14.39,1,TPL_0431
STRM - Juice Head (DSPLY 5pc)(Nic Pouch)(20ct Can) ZTN|nan,STRM - Juice Head (DSPLY 5pc)(Nic Pouch)(20ct Can) ZTN,,All / Saleable / Kit,14.39,1,TPL_0432
STRM - Juice Head (LIQ FB)(100mL) TFN|100.0,STRM - Juice Head (LIQ FB)(100mL) TFN,100.0,All / Saleable / E-Juice,6.5,21,TPL_0433
STRM - Juice Head (LIQ FB)(100mL)|100.0,STRM - Juice Head (LIQ FB)(100mL),100.0,All / Saleable / E-Juice,6.5,15,TPL_0434
STRM - Juice Head (LIQ Salt)(30mL) TFN|30.0,STRM - Juice Head (LIQ Salt)(30mL) TFN,30.0,All / Saleable / E-Juice,5.5,5,TPL_0435
STRM - Juice Head (LIQ Salt)(30mL)|30.0,STRM - Juice Head (LIQ Salt)(30mL),30.0,All / Saleable / E-Juice,5.5,9,TPL_0436
STRM - Juice Head 5K (Dispo) (5000Puff)(14mL)|14.0,STRM - Juice Head 5K (Dispo) (5000Puff)(14mL),14.0,All / Saleable / E-Juice,1.95,2,TPL_0437
STRM - Juice Head Flex Freeze (Dispo) (50000Puff)(24mL)|24.0,STRM - Juice Head Flex Freeze (Dispo) (50000Puff)(24mL),24.0,All / Saleable / E-Juice,9.0,1,TPL_0438
STRM - Khali Vapors (LIQ FB)(60mL)|60.0,STRM - Khali Vapors (LIQ FB)(60mL),60.0,All / Saleable / E-Juice,5.5,1,TPL_0439
STRM - Khali Vapors (LIQ Salt)(30mL)|30.0,STRM - Khali Vapors (LIQ Salt)(30mL),30.0,All / Saleable / E-Juice,5.5,3,TPL_0440
SURN - Suorin Air Mini (Pods)(1pc)|nan,SURN - Suorin Air Mini (Pods)(1pc),,All / Saleable / Kit,14.39,1,TPL_0441
SURN - Suorin Air Pod (Pods)(1pc)|nan,SURN - Suorin Air Pod (Pods)(1pc),,All / Saleable / Kit,4.34,1,TPL_0442
SURN - Suorin Fero (Pods)(1pc) 3mL|nan,SURN - Suorin Fero (Pods)(1pc) 3mL,,All / Saleable / Kit,10.05,2,TPL_0443
SURN - Youme Vapsi OAO (Dispo) (6000Puff) 0% (12mL)|12.0,SURN - Youme Vapsi OAO (Dispo) (6000Puff) 0% (12mL),12.0,All / Saleable / Disposable E-Cig,1.05,2,TPL_0444
SURN - Youme Vapsi OAO (Dispo) (6000Puff) 5% (12mL)|12.0,SURN - Youme Vapsi OAO (Dispo) (6000Puff) 5% (12mL),12.0,All / Saleable / Disposable E-Cig,1.05,14,TPL_0445
SVGE - Esco Bar/Savage (Dispo) (2500Puff)(6mL) Mesh Edt.|6.0,SVGE - Esco Bar/Savage (Dispo) (2500Puff)(6mL) Mesh Edt.,6.0,All / Saleable / Disposable E-Cig,1.95,3,TPL_0446
SVGE - Vape 100 (LIQ FB)(100mL) Ripe|100.0,SVGE - Vape 100 (LIQ FB)(100mL) Ripe,100.0,All / Saleable / E-Juice,4.75,8,TPL_0447
SVGE - Vape 100 (LIQ Salt)(30mL) Ripe|30.0,SVGE - Vape 100 (LIQ Salt)(30mL) Ripe,30.0,All / Saleable / E-Juice,4.75,7,TPL_0448
SVSI - LYF (LIQ FB)(100mL)|100.0,SVSI - LYF (LIQ FB)(100mL),100.0,All / Saleable / E-Juice,5.5,6,TPL_0449
SVSI - Slammin Duo (LIQ FB)(100mL)|100.0,SVSI - Slammin Duo (LIQ FB)(100mL),100.0,All / Saleable / E-Juice,5.5,6,TPL_0450
SVUR - Met4 (LIQ FB)(60mL)|60.0,SVUR - Met4 (LIQ FB)(60mL),60.0,All / Saleable / E-Juice,5.22,6,TPL_0451
SVUR - Met4 (LIQ Salt)(30mL)|30.0,SVUR - Met4 (LIQ Salt)(30mL),30.0,All / Saleable / E-Juice,5.22,1,TPL_0452
SVUR - SVRF (LIQ FB)(60mL)|60.0,SVUR - SVRF (LIQ FB)(60mL),60.0,All / Saleable / E-Juice,5.22,4,TPL_0453
SVUR - SVRF (LIQ Salt)(30mL)|30.0,SVUR - SVRF (LIQ Salt)(30mL),30.0,All / Saleable / E-Juice,5.22,2,TPL_0454
SWLF - Sigelei Smart AC10000 (Dispo) (10000Puff)(20mL)|20.0,SWLF - Sigelei Smart AC10000 (Dispo) (10000Puff)(20mL),20.0,All / Saleable / Disposable E-Cig,2.5,1,TPL_0455
SWLF - Snowwolf Compak (Dispo) (7500Puff)(17mL)|17.0,SWLF - Snowwolf Compak (Dispo) (7500Puff)(17mL),17.0,All / Saleable / Disposable E-Cig,2.1999999999999997,6,TPL_0456
SWLF - Snowwolf Ease Smart (Dispo) (9000Puff)(18mL)|18.0,SWLF - Snowwolf Ease Smart (Dispo) (9000Puff)(18mL),18.0,All / Saleable / Disposable E-Cig,4.9,10,TPL_0457
SWSS - Ligg Pro (Dispo) (5500Puff)(14mL)|14.0,SWSS - Ligg Pro (Dispo) (5500Puff)(14mL),14.0,All / Saleable / Disposable E-Cig,6.5,3,TPL_0458
SZCL - GOAT (Dispo) (4000Puff)(8mL)|8.0,SZCL - GOAT (Dispo) (4000Puff)(8mL),8.0,All / Saleable / Disposable E-Cig,0.5,2,TPL_0459
Sour Summer Splash|nan,Sour Summer Splash,,All / Saleable / Accessories,9.57,2,TPL_0460
TBCO - Tobeco Super Tank (Coils)(5-Pack)|nan,TBCO - Tobeco Super Tank (Coils)(5-Pack),,All / Saleable / Replacement Pod,4.14,2,TPL_0461
TNRD - 100 Club (LIQ FB)(100mL)|100.0,TNRD - 100 Club (LIQ FB)(100mL),100.0,All / Saleable / E-Juice,6.75,1,TPL_0462
TNRD - Bora (LIQ FB)(100mL)|100.0,TNRD - Bora (LIQ FB)(100mL),100.0,All / Saleable / E-Juice,6.75,1,TPL_0463
TNRD - Frozen Vape Co (LIQ FB)(100mL)|100.0,TNRD - Frozen Vape Co (LIQ FB)(100mL),100.0,All / Saleable / E-Juice,6.75,1,TPL_0464
TNRD - It's Pixy (LIQ FB)(100mL)|100.0,TNRD - It's Pixy (LIQ FB)(100mL),100.0,All / Saleable / E-Juice,6.75,2,TPL_0465
TNRD - Lucid Air (Dispo) (5000Puff)(16.7m)|nan,TNRD - Lucid Air (Dispo) (5000Puff)(16.7m),,All / Saleable / Disposable E-Cig,2.9500000000000006,6,TPL_0466
TNRD - Lucid Air Plus Mesh (Dispo) (5000Puff) 5% (12mL)|12.0,TNRD - Lucid Air Plus Mesh (Dispo) (5000Puff) 5% (12mL),12.0,All / Saleable / Disposable E-Cig,2.9500000000000006,3,TPL_0467
TNRD - Lucid Charge (Dispo) (7000Puff)(14mL)|14.0,TNRD - Lucid Charge (Dispo) (7000Puff)(14mL),14.0,All / Saleable / Disposable E-Cig,7.75,4,TPL_0468
TNRD - Lucid Flow (Dispo) (5000Puff)(16.7mL)|nan,TNRD - Lucid Flow (Dispo) (5000Puff)(16.7mL),,All / Saleable / Disposable E-Cig,6.5,1,TPL_0469
TNRD - Pixy (LIQ Salt)(30mL)|30.0,TNRD - Pixy (LIQ Salt)(30mL),30.0,All / Saleable / E-Juice,5.5,1,TPL_0470
TNRD - Primo Bar P7000 (Dispo) (7000Puff)(14mL) + Mystery Dispo 700Puff|14.0,TNRD - Primo Bar P7000 (Dispo) (7000Puff)(14mL) + Mystery Dispo 700Puff,14.0,All / Saleable / Disposable E-Cig,4.95,8,TPL_0471
TNRD - Shijin Vapor (LIQ FB)(100mL)|100.0,TNRD - Shijin Vapor (LIQ FB)(100mL),100.0,All / Saleable / E-Juice,6.75,1,TPL_0472
TNRD - Shijin Vapor (LIQ Salt)(30mL)|30.0,TNRD - Shijin Vapor (LIQ Salt)(30mL),30.0,All / Saleable / E-Juice,5.5,1,TPL_0473
TNRD - Tasty O's (LIQ FB)(100mL)|100.0,TNRD - Tasty O's (LIQ FB)(100mL),100.0,All / Saleable / E-Juice,6.75,4,TPL_0474
TNTB - Johnny Creampuff (LIQ FB)(100mL) TF-Nic|100.0,TNTB - Johnny Creampuff (LIQ FB)(100mL) TF-Nic,100.0,All / Saleable / E-Juice,6.0,7,TPL_0475
TNTB - Johnny Creampuff (LIQ Salt)(30mL) TF-Nic|30.0,TNTB - Johnny Creampuff (LIQ Salt)(30mL) TF-Nic,30.0,All / Saleable / E-Juice,4.475,2,TPL_0476
TRDP - Hi Drip (LIQ FB)(100mL)|100.0,TRDP - Hi Drip (LIQ FB)(100mL),100.0,All / Saleable / E-Juice,5.5,34,TPL_0477
TRDP - Hi Drip (LIQ FB)(60mL) *|60.0,TRDP - Hi Drip (LIQ FB)(60mL) *,60.0,All / Saleable / E-Juice,4.876666666666667,3,TPL_0478
TRDP - Hi Drip (LIQ Salt)(30mL)|30.0,TRDP - Hi Drip (LIQ Salt)(30mL),30.0,All / Saleable / E-Juice,5.75,9,TPL_0479
TRDP - Hi Drip (LIQ Salt)(30mL; 15mL x2)|nan,TRDP - Hi Drip (LIQ Salt)(30mL; 15mL x2),,All / Saleable / E-Juice,5.75,1,TPL_0480
TRDP - Tear Drip (LIQ FB)(60mL)|60.0,TRDP - Tear Drip (LIQ FB)(60mL),60.0,All / Saleable / E-Juice,4.95,2,TPL_0481
TRTN - Suicide Bunny (LIQ FB)(100mL) TF-Nic|100.0,TRTN - Suicide Bunny (LIQ FB)(100mL) TF-Nic,100.0,All / Saleable / E-Juice,3.5,2,TPL_0482
TRTN - Suicide Bunny (LIQ FB)(120mL)|120.0,TRTN - Suicide Bunny (LIQ FB)(120mL),120.0,All / Saleable / E-Juice,6.75,6,TPL_0483
TRTN - Suicide Bunny (LIQ Salt)(30mL) TF-Nic|30.0,TRTN - Suicide Bunny (LIQ Salt)(30mL) TF-Nic,30.0,All / Saleable / E-Juice,2.75,5,TPL_0484
TRTN - Suicide Bunny (LIQ Salt)(30mL)|30.0,TRTN - Suicide Bunny (LIQ Salt)(30mL),30.0,All / Saleable / E-Juice,6.0,1,TPL_0485
TYLR - Taylor Flavors (LIQ FB)(100mL)|100.0,TYLR - Taylor Flavors (LIQ FB)(100mL),100.0,All / Saleable / E-Juice,5.7,6,TPL_0486
TYLR - Taylor Flavors (LIQ Salt)(30mL)|30.0,TYLR - Taylor Flavors (LIQ Salt)(30mL),30.0,All / Saleable / E-Juice,5.7,1,TPL_0487
TYLR - Taylor House (LIQ FB)(100mL)|100.0,TYLR - Taylor House (LIQ FB)(100mL),100.0,All / Saleable / E-Juice,5.7,2,TPL_0488
TYLR - Taylor House (LIQ Salt)(30mL)|30.0,TYLR - Taylor House (LIQ Salt)(30mL),30.0,All / Saleable / E-Juice,5.5,7,TPL_0489
TYSN - Tyson 2.0 Heavy Weight (Dispo) (7000Puff)(15mL)|15.0,TYSN - Tyson 2.0 Heavy Weight (Dispo) (7000Puff)(15mL),15.0,All / Saleable / Disposable E-Cig,1.95,4,TPL_0490
TYSN - Tyson 2.0 Iron Mike (Dispo) (15000Puff)(14mL)|14.0,TYSN - Tyson 2.0 Iron Mike (Dispo) (15000Puff)(14mL),14.0,All / Saleable / Disposable E-Cig,5.95,1,TPL_0491
TYSN - Tyson 2.0 Lightweight (Dispo) (6000Puff)(12mL)(3-Pack)|12.0,TYSN - Tyson 2.0 Lightweight (Dispo) (6000Puff)(12mL)(3-Pack),12.0,All / Saleable / Disposable E-Cig,7.25,13,TPL_0492
UWLL - Uwell Aeglos (Coils)(4-Pack)|nan,UWLL - Uwell Aeglos (Coils)(4-Pack),,All / Saleable / Kit,10.75,1,TPL_0493
UWLL - Uwell Caliburn (Pods)(4-Pack)|nan,UWLL - Uwell Caliburn (Pods)(4-Pack),,All / Saleable / Kit,11.5,1,TPL_0494
UWLL - Uwell Caliburn A2S (Kit PS)|nan,UWLL - Uwell Caliburn A2S (Kit PS),,All / Saleable / Kit,11.95,5,TPL_0495
UWLL - Uwell Caliburn A3S (Kit PS)|nan,UWLL - Uwell Caliburn A3S (Kit PS),,All / Saleable / Replacement Pod,4.11,2,TPL_0496
UWLL - Uwell Caliburn A3S (Pods)(4-Pack)|nan,UWLL - Uwell Caliburn A3S (Pods)(4-Pack),,All / Saleable / Replacement Pod,9.435,2,TPL_0497
UWLL - Uwell Caliburn AZ3 (Pods)(4-Pack)|nan,UWLL - Uwell Caliburn AZ3 (Pods)(4-Pack),,All / Saleable / Kit,14.76,1,TPL_0498
UWLL - Uwell Caliburn Explorer (Kit PS)|nan,UWLL - Uwell Caliburn Explorer (Kit PS),,All / Saleable / Kit,14.76,1,TPL_0499
UWLL - Uwell Caliburn Explorer (Pods)(2-Pack)|4.0,UWLL - Uwell Caliburn Explorer (Pods)(2-Pack),4.0,All / Saleable / Kit,14.76,1,TPL_0500
UWLL - Uwell Caliburn G (Pods)(2-Pack)|nan,UWLL - Uwell Caliburn G (Pods)(2-Pack),,All / Saleable / Kit,14.76,2,TPL_0501
UWLL - Uwell Caliburn G3 Lite (Kit PS)|nan,UWLL - Uwell Caliburn G3 Lite (Kit PS),,All / Saleable / Kit,14.76,1,TPL_0502
UWLL - Uwell Caliburn G3 Lite KOKO (Kit PS) 1200mAh|nan,UWLL - Uwell Caliburn G3 Lite KOKO (Kit PS) 1200mAh,,All / Saleable / Coil,2.5,1,TPL_0503
UWLL - Uwell Caliburn G3 Pro (Kit PS)|nan,UWLL - Uwell Caliburn G3 Pro (Kit PS),,All / Saleable / Coil,5.08,2,TPL_0504
UWLL - Uwell Caliburn G4 Mini (Kit PS)|nan,UWLL - Uwell Caliburn G4 Mini (Kit PS),,All / Saleable / Coil,4.723333333333333,3,TPL_0505
UWLL - Uwell Caliburn GPP (Pods)(3-Pack) 3mL Top-Fill|nan,UWLL - Uwell Caliburn GPP (Pods)(3-Pack) 3mL Top-Fill,,All / Saleable / Coil,3.36,1,TPL_0506
UWLL - Uwell Caliburn Tenet (Kit PS)|nan,UWLL - Uwell Caliburn Tenet (Kit PS),,All / Saleable / Coil,8.125,2,TPL_0507
UWLL - Uwell Caliburn X (Pods)(2-Pack) 3mL|nan,UWLL - Uwell Caliburn X (Pods)(2-Pack) 3mL,,All / Saleable / Replacement Pod,9.95,2,TPL_0508
UWLL - Uwell Valyrian 2 (Coils)(2-Pack)|nan,UWLL - Uwell Valyrian 2 (Coils)(2-Pack),,All / Saleable / Replacement Pod,4.256666666666667,3,TPL_0509
UWLL - Uwell Valyrian 3 (Coils)(2-Pack)|nan,UWLL - Uwell Valyrian 3 (Coils)(2-Pack),,All / Saleable / Kit,16.29,2,TPL_0510
UWLL - Uwell Valyrian 3 (Kit SK)|nan,UWLL - Uwell Valyrian 3 (Kit SK),,All / Saleable / Coil,13.584999999999999,2,TPL_0511
UWLL - Uwell Valyrian 3 (Tank)|nan,UWLL - Uwell Valyrian 3 (Tank),,All / Saleable / Kit,14.17,2,TPL_0512
UWLL - Uwell Valyrian Pod (Coils)(4-Pack) SE|nan,UWLL - Uwell Valyrian Pod (Coils)(4-Pack) SE,,All / Saleable / Kit,20.89,2,TPL_0513
UWLL - Uwell Valyrian Pod-Kit (Pods)(1pc)|nan,UWLL - Uwell Valyrian Pod-Kit (Pods)(1pc),,All / Saleable / Kit,21.63,1,TPL_0514
VDXD - Four Seasons (LIQ FB)(60mL)|60.0,VDXD - Four Seasons (LIQ FB)(60mL),60.0,All / Saleable / E-Juice,6.75,19,TPL_0515
VDXD - Four Seasons (LIQ Salt)(30mL)|30.0,VDXD - Four Seasons (LIQ Salt)(30mL),30.0,All / Saleable / E-Juice,6.25,5,TPL_0516
VDXD - Graham Slam (LIQ FB)(100mL)|100.0,VDXD - Graham Slam (LIQ FB)(100mL),100.0,All / Saleable / E-Juice,7.25,4,TPL_0517
VDXD - Graham Slam (LIQ Salt)(30mL)|30.0,VDXD - Graham Slam (LIQ Salt)(30mL),30.0,All / Saleable / E-Juice,6.25,5,TPL_0518
VDXD - Mamasan (LIQ FB)(100mL)|100.0,VDXD - Mamasan (LIQ FB)(100mL),100.0,All / Saleable / E-Juice,7.25,3,TPL_0519
VDXD - Mamasan (LIQ FB)(60mL)|nan,VDXD - Mamasan (LIQ FB)(60mL),,All / Saleable / Kit,17.73,4,TPL_0520
VGOD - VGOD (LIQ FB)(60mL)|60.0,VGOD - VGOD (LIQ FB)(60mL),60.0,All / Saleable / E-Juice,4.5,1,TPL_0521
VGOD - VGOD (LIQ Salt)(30mL)|30.0,VGOD - VGOD (LIQ Salt)(30mL),30.0,All / Saleable / E-Juice,4.5,16,TPL_0522
VLPL - Rabbeats RC10000 (Dispo) (10000Puff)(18mL)|18.0,VLPL - Rabbeats RC10000 (Dispo) (10000Puff)(18mL),18.0,All / Saleable / Disposable E-Cig,3.95,1,TPL_0523
VLPL - SMOK Novo Bar AL9000 (Dispo) (9000Puff)(15mL)|15.0,VLPL - SMOK Novo Bar AL9000 (Dispo) (9000Puff)(15mL),15.0,All / Saleable / Disposable E-Cig,2.9500000000000006,3,TPL_0524
VLPL - iJoy IC8000 (Dispo) (8000Puff)(18mL)|18.0,VLPL - iJoy IC8000 (Dispo) (8000Puff)(18mL),18.0,All / Saleable / Disposable E-Cig,1.95,2,TPL_0525
VLPL - iJoy SD10000 (Dispo) (10000Puff)(20mL)|20.0,VLPL - iJoy SD10000 (Dispo) (10000Puff)(20mL),20.0,All / Saleable / Disposable E-Cig,3.95,1,TPL_0526
VLPL - iJoy SD40000 (Dispo) (40000Puff)(20mL)|20.0,VLPL - iJoy SD40000 (Dispo) (40000Puff)(20mL),20.0,All / Saleable / Disposable E-Cig,7.25,2,TPL_0527
VNDY - Vandy Vape Jackaroo (Pods)|nan,VNDY - Vandy Vape Jackaroo (Pods),,All / Saleable / Replacement Pod,0.95,1,TPL_0528
VNDY - Vandy Vape Kylin M Mesh (Coils)(10-Pack)|nan,VNDY - Vandy Vape Kylin M Mesh (Coils)(10-Pack),,All / Saleable / Replacement Pod,0.5,1,TPL_0529
VNDY - Vandy Vape VVC (Coils)(4-Pack)|nan,VNDY - Vandy Vape VVC (Coils)(4-Pack),,All / Saleable / Replacement Pod,4.48,1,TPL_0530
VOPO - Voopoo Argus (Pods)(3-Pack) 2mL Top-Fill|nan,VOPO - Voopoo Argus (Pods)(3-Pack) 2mL Top-Fill,,All / Saleable / Kit,6.36,1,TPL_0531
VOPO - Voopoo PnP X (Pod Tank)|nan,VOPO - Voopoo PnP X (Pod Tank),,All / Saleable / Kit,6.36,1,TPL_0532
VOPO - Voopoo PnP X (Pods)(2-Pack) 5mL|nan,VOPO - Voopoo PnP X (Pods)(2-Pack) 5mL,,All / Saleable / Replacement Pod,2.25,1,TPL_0533
VOPO - Voopoo Uforce L (REPL. Glass)(1pc)|nan,VOPO - Voopoo Uforce L (REPL. Glass)(1pc),,All / Saleable / Coil,3.53,1,TPL_0534
VOPO - Voopoo Uforce L (Tank)|nan,VOPO - Voopoo Uforce L (Tank),,All / Saleable / Coil,5.5,1,TPL_0535
VOPO - Voopoo Vinci V2 (Pods)(3-Pack)|nan,VOPO - Voopoo Vinci V2 (Pods)(3-Pack),,All / Saleable / Coil,11.175,2,TPL_0536
VOPO - Voopoo Vmate V2 (Pods)(2-Pack) 3mL|nan,VOPO - Voopoo Vmate V2 (Pods)(2-Pack) 3mL,,All / Saleable / Accessories,16.19,1,TPL_0537
VOPO - Voopoo Vrizz (Kit PS) 800mAh|nan,VOPO - Voopoo Vrizz (Kit PS) 800mAh,,All / Saleable / Accessories,16.19,1,TPL_0538
VPRB - Skwezed (LIQ FB)(100mL) Frozen|100.0,VPRB - Skwezed (LIQ FB)(100mL) Frozen,100.0,All / Saleable / E-Juice,7.4,10,TPL_0539
VPRB - Skwezed (LIQ FB)(100mL)|100.0,VPRB - Skwezed (LIQ FB)(100mL),100.0,All / Saleable / E-Juice,7.5,5,TPL_0540
VPRB - Skwezed (LIQ Salt)(30mL) Frozen|30.0,VPRB - Skwezed (LIQ Salt)(30mL) Frozen,30.0,All / Saleable / E-Juice,4.95,1,TPL_0541
VPRB - Skwezed (LIQ Salt)(30mL)|30.0,VPRB - Skwezed (LIQ Salt)(30mL),30.0,All / Saleable / E-Juice,4.95,2,TPL_0542
VPWS - Aloha Sun (Dispo) (3000Puff)(8mL) TFN|8.0,VPWS - Aloha Sun (Dispo) (3000Puff)(8mL) TFN,8.0,All / Saleable / Disposable E-Cig,0.9499999999999998,3,TPL_0543
VPWS - Flavor Beast Level X Boost Pod (Liq Pod) (25000Puffs)(20mL)|20.0,VPWS - Flavor Beast Level X Boost Pod (Liq Pod) (25000Puffs)(20mL),20.0,All / Saleable / E-Juice,5.5,3,TPL_0544
VPWS - Yami (LIQ FB)(100mL)|100.0,VPWS - Yami (LIQ FB)(100mL),100.0,All / Saleable / E-Juice,7.43,2,TPL_0545
VRSO - Vaporesso (REPL. Glass)(1pc) iTank 2|8.0,VRSO - Vaporesso (REPL. Glass)(1pc) iTank 2,8.0,All / Saleable / Coil,2.5,1,TPL_0546
VRSO - Vaporesso Armour G (Pods)(2-Pack) 5mL|nan,VRSO - Vaporesso Armour G (Pods)(2-Pack) 5mL,,All / Saleable / Accessories,12.93,1,TPL_0547
VRSO - Vaporesso Armour GS (Kit SK)|nan,VRSO - Vaporesso Armour GS (Kit SK),,All / Saleable / Coil,6.43,1,TPL_0548
VRSO - Vaporesso Eco Nano (Kit PS) Metal Edt.|nan,VRSO - Vaporesso Eco Nano (Kit PS) Metal Edt.,,All / Saleable / Coil,7.2575,4,TPL_0549
VRSO - Vaporesso Eco Nano (Pods)(2-Pack) 6mL Lush Edt.|nan,VRSO - Vaporesso Eco Nano (Pods)(2-Pack) 6mL Lush Edt.,,All / Saleable / Kit,10.86,1,TPL_0550
VRSO - Vaporesso Eco Nano (Pods)(2-Pack) 6mL Mesh|nan,VRSO - Vaporesso Eco Nano (Pods)(2-Pack) 6mL Mesh,,All / Saleable / Kit,10.86,1,TPL_0551
VRSO - Vaporesso Eco Nano (Pods)(2-Pack) 6mL|nan,VRSO - Vaporesso Eco Nano (Pods)(2-Pack) 6mL,,All / Saleable / Kit,10.86,1,TPL_0552
VRSO - Vaporesso Luxe Q (Pods)(4-Pack) 3mL|nan,VRSO - Vaporesso Luxe Q (Pods)(4-Pack) 3mL,,All / Saleable / Kit,10.86,1,TPL_0553
VRSO - Vaporesso Luxe Q2 SE (Kit PS)|nan,VRSO - Vaporesso Luxe Q2 SE (Kit PS),,All / Saleable / Kit,27.74,1,TPL_0554
VRSO - Vaporesso Luxe XR Max (Kit PS) x1 Pod + x2 Coils Edt.|nan,VRSO - Vaporesso Luxe XR Max (Kit PS) x1 Pod + x2 Coils Edt.,,All / Saleable / Kit,15.151666666666666,6,TPL_0555
VRSO - Vaporesso QF (Coils)(3-Pack)|nan,VRSO - Vaporesso QF (Coils)(3-Pack),,All / Saleable / Disposable E-Cig,2.5,1,TPL_0556
VRSO - Vaporesso Veco Go (Pods)(2-Pack)|nan,VRSO - Vaporesso Veco Go (Pods)(2-Pack),,All / Saleable / Replacement Pod,5.26,1,TPL_0557
VRSO - Vaporesso Vibe (Kit PS) 1000mAh|nan,VRSO - Vaporesso Vibe (Kit PS) 1000mAh,,All / Saleable / Accessories,12.65,2,TPL_0558
VRSO - Vaporesso Vibe (Pods)(2-Pack) 4.5mL|nan,VRSO - Vaporesso Vibe (Pods)(2-Pack) 4.5mL,,All / Saleable / Coil,5.19,1,TPL_0559
VRSO - Vaporesso XROS (Pods)(4-Pack) 3mL|nan,VRSO - Vaporesso XROS (Pods)(4-Pack) 3mL,,All / Saleable / Coil,4.62,1,TPL_0560
VRSO - Vaporesso XROS 2 (Kit PS)|nan,VRSO - Vaporesso XROS 2 (Kit PS),,All / Saleable / Coil,4.61,1,TPL_0561
VRSO - Vaporesso XROS 3 Mini (Kit PS) 1.0ohm|nan,VRSO - Vaporesso XROS 3 Mini (Kit PS) 1.0ohm,,All / Saleable / Coil,6.69,1,TPL_0562
VRSO - Vaporesso XROS 4 Mini (Kit PS)|nan,VRSO - Vaporesso XROS 4 Mini (Kit PS),,All / Saleable / Coil,5.562857142857142,7,TPL_0563
VRSO - Vaporesso XROS 4 Nano (Kit PS)|nan,VRSO - Vaporesso XROS 4 Nano (Kit PS),,All / Saleable / Replacement Pod,6.1825,4,TPL_0564
VRSO - Vaporesso XROS COREX 2.0 (Pods)(4-Pack) 3mL|nan,VRSO - Vaporesso XROS COREX 2.0 (Pods)(4-Pack) 3mL,,All / Saleable / E-Juice,10.5,1,TPL_0565
VRSO - Vaporesso XTRA Unipod (Pods)(2-Pack)|nan,VRSO - Vaporesso XTRA Unipod (Pods)(2-Pack),,All / Saleable / E-Juice,10.0,1,TPL_0566
VRSO - Vaporesso Zero S (Pods)(2-Pack) 2mL|nan,VRSO - Vaporesso Zero S (Pods)(2-Pack) 2mL,,All / Saleable / E-Juice,3.74,1,TPL_0567
VRSO - Vaporesso xTank (Pods)(2-Pack)|nan,VRSO - Vaporesso xTank (Pods)(2-Pack),,All / Saleable / E-Juice,10.0,1,TPL_0568
VRSO - iMate X 20k Disposable Pod (1-Pack)|nan,VRSO - iMate X 20k Disposable Pod (1-Pack),,All / Saleable / Disposable E-Cig,5.5,2,TPL_0569
VTSA - Vapetasia (LIQ FB)(100mL) Killer Fruits TFN|100.0,VTSA - Vapetasia (LIQ FB)(100mL) Killer Fruits TFN,100.0,All / Saleable / E-Juice,6.5,12,TPL_0570
VTSA - Vapetasia (LIQ FB)(100mL) Killer Sweets TFN|100.0,VTSA - Vapetasia (LIQ FB)(100mL) Killer Sweets TFN,100.0,All / Saleable / E-Juice,6.5,9,TPL_0571
VTSA - Vapetasia (LIQ FB)(100mL)|100.0,VTSA - Vapetasia (LIQ FB)(100mL),100.0,All / Saleable / E-Juice,6.5,13,TPL_0572
VTSA - Vapetasia (LIQ Salt)(30mL) Better Salt|30.0,VTSA - Vapetasia (LIQ Salt)(30mL) Better Salt,30.0,All / Saleable / E-Juice,5.5,16,TPL_0573
VTSA - Vapetasia (LIQ Salt)(30mL) Killter Fruits TFN|30.0,VTSA - Vapetasia (LIQ Salt)(30mL) Killter Fruits TFN,30.0,All / Saleable / E-Juice,5.5,14,TPL_0574
VTSA - Vapetasia (LIQ Salt)(30mL) Killter Sweets TFN|30.0,VTSA - Vapetasia (LIQ Salt)(30mL) Killter Sweets TFN,30.0,All / Saleable / E-Juice,5.5,7,TPL_0575
VTSA - Vapetasia (LIQ Salt)(30mL)|30.0,VTSA - Vapetasia (LIQ Salt)(30mL),30.0,All / Saleable / E-Juice,5.5,21,TPL_0576
VTSA - Vapetasia MNKE Bars XL (Dispo) (25000Puff)(18mL)|18.0,VTSA - Vapetasia MNKE Bars XL (Dispo) (25000Puff)(18mL),18.0,All / Saleable / Disposable E-Cig,6.8500000000000005,7,TPL_0577
VTSA - Vapetasia MNKE Bars XL ZERO (Dispo) (25000Puff)(18mL)|18.0,VTSA - Vapetasia MNKE Bars XL ZERO (Dispo) (25000Puff)(18mL),18.0,All / Saleable / Disposable E-Cig,7.5,3,TPL_0578
VTSA - Vapetasia Mint (Dispo) (6500Puff)(16mL)|16.0,VTSA - Vapetasia Mint (Dispo) (6500Puff)(16mL),16.0,All / Saleable / Disposable E-Cig,2.9500000000000006,3,TPL_0579
ZVOO - Zovoo Drag Bar B5000 (Dispo) (5000Puff)(13mL)|13.0,ZVOO - Zovoo Drag Bar B5000 (Dispo) (5000Puff)(13mL),13.0,All / Saleable / Disposable E-Cig,0.9499999999999998,6,TPL_0580
